<ramblingman>

<append xpath="/quests">
<quest id="q_goToPOI">
    <property name="group_name_key" value="q_goToPOI"/>
    <property name="name_key" value="q_goToPOI1"/>
    <property name="subtitle_key" value="q_goToPOI1_subtitle"/>
    <property name="description_key" value="q_goToPOI1_description"/>
    <property name="icon" value="ui_game_symbol_book"/>
    <property name="category_key" value="quest"/>
    <property name="offer_key" value="q_goToPOI1_offer"/>
    <property name="difficulty" value="veryeasy"/>
    <property name="shareable" value="false"/>
    <property name="add_to_tier_complete" value="false"/>
    <property name="repeatable" value="false"/>
    <action type="TrackQuest"/>
    <action type="GiveBuffSDX, SCore">
        <property name="value" value="questBuff_teleport"/>
        <property name="on_complete" value="false"/>
        <property name="phase" value="1"/>
    </action>
    <objective type="GotoPOISDX, SCore" value="200-8000" phase="1">
        <property name="completion_distance" value="50"/>
        <property name="PrefabName" value="trader_rekt"/>
    </objective>
    <reward type="Exp" value="500"/>
</quest>
</append>
</ramblingman>