﻿<?xml version="1.0" encoding="UTF-8"?>
<prefab>
  <property name="CopyAirBlocks" value="True" />
  <property name="ExcludeDistantPOIMesh" value="False" />
  <property name="ExcludePOICulling" value="False" />
  <property name="DistantPOIYOffset" value="0" />
  <property name="AllowTopSoilDecorations" value="False" />
  <property name="DifficultyTier" value="1" />
  <property name="QuestTags" value="clear, fetch, infested" />
  <property name="ShowQuestClearCount" value="1" />
  <property name="TraderArea" value="False" />
  <property name="PrefabSize" value="42, 12, 42" />
  <property name="RotationToFaceNorth" value="0" />
  <property name="YOffset" value="-1" />
  <property name="Zoning" value="none" />
  <property name="Tags" value="countrytown, gateway, nodiagonal" />
  <property name="SleeperVolumeSize" value="7, 6, 5#20, 3, 16#5, 3, 8#6, 3, 14#7, 5, 15#15, 4, 13#3, 4, 5" />
  <property name="SleeperVolumeStart" value="17, 1, 27#11, 8, 15#18, 1, 17#10, 1, 16#25, 1, 18#12, 1, 1#28, 1, 8" />
  <property name="SleeperVolumeGroupId" value="0,0,0,0,0,0,0" />
  <property name="SleeperVolumeGroup" value="zombieUtilityWorker,2,2,zombieBiker,1,1,zombieTomClark,1,1,zombieUtilityWorker,1,1,GroupGenericZombie,2,2,animalZombieDog,1,1,animalZombieDog,1,1" />
  <property name="SleeperIsLootVolume" value="False,False,False,False,False,False,False" />
  <property name="SleeperIsQuestExclude" value="False,False,False,False,False,False,False" />
  <property name="SleeperVolumeFlags" value="2,2,2,2,2,2,2" />
  <property name="SleeperVolumeTriggeredBy" value=" # # # # # # " />
  <property name="POIMarkerSize" value="7, 13, 2" />
  <property name="POIMarkerStart" value="34, 0, 41" />
  <property name="POIMarkerGroup" value="driveway" />
  <property name="POIMarkerTags" value="countrytown" />
  <property name="POIMarkerType" value="PartSpawn" />
  <property name="POIMarkerPartToSpawn" value="part_driveway_countrytown_02" />
  <property name="POIMarkerPartRotations" value="0" />
  <property name="POIMarkerPartSpawnChance" value="1" />
  <property class="IndexedBlockOffsets">
    <property class="challenge_pallet">
      <property name="0" value="26, 1, 5" />
      <property name="1" value="26, 2, 5" />
      <property name="2" value="29, 1, 5" />
      <property name="3" value="26, 1, 6" />
      <property name="4" value="26, 2, 6" />
      <property name="5" value="29, 1, 6" />
      <property name="6" value="26, 1, 7" />
      <property name="7" value="26, 2, 7" />
      <property name="8" value="29, 1, 7" />
      <property name="9" value="26, 1, 8" />
    </property>
    <property class="challenge_polymers">
      <property name="0" value="22, 1, 26" />
      <property name="1" value="23, 1, 33" />
    </property>
    <property class="challenge_mech_parts">
      <property name="0" value="31, 6, 22" />
      <property name="1" value="31, 2, 23" />
    </property>
    <property class="challenge_sinks">
      <property name="0" value="31, 2, 27" />
    </property>
    <property class="POILight">
      <property name="0" value="21, 3, 29" />
      <property name="1" value="27, 6, 29" />
    </property>
    <property class="Rally">
      <property name="0" value="20, 1, 35" />
    </property>
    <property class="TraderOnOff">
      <property name="0" value="25, 1, 10" />
      <property name="1" value="29, 1, 10" />
    </property>
    <property class="challenge_elec_parts">
      <property name="0" value="33, 1, 16" />
    </property>
    <property class="FetchContainer">
      <property name="0" value="21, 10, 24" />
    </property>
  </property>
  <property class="Stats">
    <property name="LightsVolume" value="10220.65" />
    <property name="TotalVertices" value="827057" />
    <property name="TotalTriangles" value="298940" />
    <property class="BlockEntities">
      <property name="Vertices" value="776767" />
      <property name="Triangles" value="268490" />
    </property>
    <property class="ChunkMeshes0">
      <property name="Vertices" value="45494" />
      <property name="Triangles" value="23942" />
    </property>
    <property class="ChunkMeshes1">
      <property name="Vertices" value="0" />
      <property name="Triangles" value="0" />
    </property>
    <property class="ChunkMeshes2">
      <property name="Vertices" value="904" />
      <property name="Triangles" value="452" />
    </property>
    <property class="ChunkMeshes3">
      <property name="Vertices" value="0" />
      <property name="Triangles" value="0" />
    </property>
    <property class="ChunkMeshes4">
      <property name="Vertices" value="0" />
      <property name="Triangles" value="0" />
    </property>
    <property class="ChunkMeshes5">
      <property name="Vertices" value="3892" />
      <property name="Triangles" value="6056" />
    </property>
  </property>
</prefab>