﻿<?xml version="1.0" encoding="UTF-8"?>
<prefab>
  <property name="CopyAirBlocks" value="True" />
  <property name="ExcludeDistantPOIMesh" value="False" />
  <property name="ExcludePOICulling" value="False" />
  <property name="DistantPOIYOffset" value="0" />
  <property name="AllowTopSoilDecorations" value="False" />
  <property name="DifficultyTier" value="0" />
  <property name="ShowQuestClearCount" value="1" />
  <property name="TraderArea" value="False" />
  <property name="PrefabSize" value="25, 21, 25" />
  <property name="RotationToFaceNorth" value="2" />
  <property name="Tags" value="countryresidential" />
  <property name="Zoning" value="none" />
  <property name="YOffset" value="-1" />
  <property name="SleeperVolumeSize" value="9, 8, 9" />
  <property name="SleeperVolumeStart" value="9, 8, 6" />
  <property name="SleeperVolumeGroupId" value="0" />
  <property name="SleeperVolumeGroup" value="GroupGenericZombie,1,2" />
  <property name="SleeperIsLootVolume" value="False" />
  <property name="SleeperIsQuestExclude" value="False" />
  <property name="SleeperVolumeFlags" value="2" />
  <property name="SleeperVolumeTriggeredBy" value=" " />
  <property class="IndexedBlockOffsets">
    <property class="quest_wood_trees">
      <property name="0" value="19, 1, 18" />
      <property name="1" value="13, 1, 20" />
    </property>
    <property class="TraderOnOff">
      <property name="0" value="13, 13, 12" />
      <property name="1" value="20, 9, 12" />
      <property name="2" value="15, 9, 16" />
    </property>
    <property class="challenge_polymers">
      <property name="0" value="11, 1, 10" />
    </property>
    <property class="challenge_stump">
      <property name="0" value="17, 1, 13" />
    </property>
    <property class="POILight">
      <property name="0" value="18, 9, 10" />
    </property>
    <property class="challenge_gore">
      <property name="0" value="20, 1, 14" />
    </property>
  </property>
  <property class="Stats">
    <property name="LightsVolume" value="4669.644" />
    <property name="TotalVertices" value="197909" />
    <property name="TotalTriangles" value="110937" />
    <property class="BlockEntities">
      <property name="Vertices" value="139539" />
      <property name="Triangles" value="79201" />
    </property>
    <property class="ChunkMeshes0">
      <property name="Vertices" value="56814" />
      <property name="Triangles" value="29040" />
    </property>
    <property class="ChunkMeshes1">
      <property name="Vertices" value="0" />
      <property name="Triangles" value="0" />
    </property>
    <property class="ChunkMeshes2">
      <property name="Vertices" value="0" />
      <property name="Triangles" value="0" />
    </property>
    <property class="ChunkMeshes3">
      <property name="Vertices" value="0" />
      <property name="Triangles" value="0" />
    </property>
    <property class="ChunkMeshes4">
      <property name="Vertices" value="0" />
      <property name="Triangles" value="0" />
    </property>
    <property class="ChunkMeshes5">
      <property name="Vertices" value="1556" />
      <property name="Triangles" value="2696" />
    </property>
  </property>
</prefab>