﻿<?xml version="1.0" encoding="UTF-8"?>
<prefab>
  <property name="CopyAirBlocks" value="True" />
  <property name="ExcludeDistantPOIMesh" value="False" />
  <property name="ExcludePOICulling" value="False" />
  <property name="DistantPOIYOffset" value="0" />
  <property name="AllowTopSoilDecorations" value="False" />
  <property name="DifficultyTier" value="2" />
  <property name="ShowQuestClearCount" value="1" />
  <property name="TraderArea" value="False" />
  <property name="YOffset" value="-14" />
  <property name="PrefabSize" value="33, 23, 30" />
  <property name="RotationToFaceNorth" value="2" />
  <property name="Zoning" value="none" />
  <property name="SleeperVolumeSize" value="14, 3, 6#15, 3, 8#15, 3, 3#20, 3, 6#19, 3, 3#7, 8, 11#10, 9, 8#7, 8, 15" />
  <property name="SleeperVolumeStart" value="8, 2, 12#9, 14, 19#9, 21, 24#6, 14, 3#6, 20, 2#20, 15, 13#18, 14, 3#4, 14, 7" />
  <property name="SleeperVolumeGroupId" value="0,0,0,0,0,0,0,0" />
  <property name="SleeperVolumeGroup" value="zombieBurntFeral,2,3,GroupGenericZombie,1,1,GroupGenericZombie,1,1,GroupGenericZombie,1,1,GroupGenericZombie,1,1,GroupAbandonedHouse,3,4,GroupGenericZombie,1,1,GroupGenericZombie,2,3" />
  <property name="SleeperIsLootVolume" value="False,False,False,False,False,False,False,False" />
  <property name="SleeperIsQuestExclude" value="False,False,False,False,False,False,False,False" />
  <property name="SleeperVolumeFlags" value="3,0,0,2,2,2,2,2" />
  <property name="SleeperVolumeTriggeredBy" value="2# # # # # # # " />
  <property name="Tags" value="wilderness" />
  <property name="QuestTags" value="clear, fetch, infested" />
  <property name="POIMarkerSize" value="1, 1, 5" />
  <property name="POIMarkerStart" value="32, 13, 18" />
  <property name="POIMarkerGroup" value="ROADEXIT" />
  <property name="POIMarkerTags" value="" />
  <property name="POIMarkerType" value="RoadExit" />
  <property name="POIMarkerPartToSpawn" value="" />
  <property name="POIMarkerPartRotations" value="3" />
  <property name="POIMarkerPartSpawnChance" value="1" />
  <property name="EditorGroups" value="Wilderness" />
  <property class="IndexedBlockOffsets">
    <property class="POILight">
      <property name="0" value="28, 21, 15" />
      <property name="1" value="27, 21, 25" />
    </property>
    <property class="challenge_mech_parts">
      <property name="0" value="11, 14, 5" />
    </property>
    <property class="challenge_polymers">
      <property name="0" value="24, 14, 15" />
      <property name="1" value="16, 21, 16" />
      <property name="2" value="25, 21, 16" />
      <property name="3" value="20, 22, 24" />
    </property>
    <property class="FetchContainer">
      <property name="0" value="10, 3, 15" />
    </property>
    <property class="challenge_cars">
      <property name="0" value="5, 14, 16" />
    </property>
    <property class="TraderOnOff">
      <property name="0" value="16, 16, 15" />
      <property name="1" value="28, 14, 20" />
    </property>
    <property class="Rally">
      <property name="0" value="30, 14, 20" />
    </property>
  </property>
  <property class="Stats">
    <property name="TotalVertices" value="1076508" />
    <property name="TotalTriangles" value="504114" />
    <property class="BlockEntities">
      <property name="Vertices" value="1057690" />
      <property name="Triangles" value="487506" />
    </property>
    <property class="ChunkMeshes0">
      <property name="Vertices" value="13784" />
      <property name="Triangles" value="8088" />
    </property>
    <property class="ChunkMeshes1">
      <property name="Vertices" value="0" />
      <property name="Triangles" value="0" />
    </property>
    <property class="ChunkMeshes2">
      <property name="Vertices" value="0" />
      <property name="Triangles" value="0" />
    </property>
    <property class="ChunkMeshes3">
      <property name="Vertices" value="0" />
      <property name="Triangles" value="0" />
    </property>
    <property class="ChunkMeshes4">
      <property name="Vertices" value="0" />
      <property name="Triangles" value="0" />
    </property>
    <property class="ChunkMeshes5">
      <property name="Vertices" value="5034" />
      <property name="Triangles" value="8520" />
    </property>
  </property>
</prefab>