﻿<?xml version="1.0" encoding="UTF-8"?>
<prefab>
  <property name="CopyAirBlocks" value="True" />
  <property name="ExcludeDistantPOIMesh" value="False" />
  <property name="ExcludePOICulling" value="False" />
  <property name="DistantPOIYOffset" value="0" />
  <property name="AllowTopSoilDecorations" value="False" />
  <property name="DifficultyTier" value="2" />
  <property name="ShowQuestClearCount" value="1" />
  <property name="TraderArea" value="False" />
  <property name="YOffset" value="-2" />
  <property name="PrefabSize" value="42, 14, 42" />
  <property name="RotationToFaceNorth" value="2" />
  <property name="Tags" value="countryresidential" />
  <property name="QuestTags" value="clear, fetch, infested" />
  <property name="SleeperVolumeSize" value="3, 3, 5#6, 3, 9#6, 3, 12#3, 4, 4#5, 3, 3#5, 3, 4#9, 4, 6#4, 2, 3#6, 3, 5" />
  <property name="SleeperVolumeStart" value="22, 2, 12#14, 2, 14#7, 2, 17#21, 2, 18#28, 2, 21#26, 2, 25#15, 2, 25#23, 7, 21#14, 7, 21" />
  <property name="SleeperVolumeGroupId" value="0,0,0,0,0,0,0,0,0" />
  <property name="SleeperVolumeGroup" value="GroupGenericZombie,1,1,GroupGenericZombie,1,2,GroupAbandonedHouse,1,2,GroupAbandonedHouse,1,1,GroupAbandonedHouse,1,1,GroupAbandonedHouse,1,1,GroupAbandonedHouse,1,2,GroupAbandonedHouse,1,1,GroupBikerBar,1,2" />
  <property name="SleeperIsLootVolume" value="False,False,False,False,False,False,False,False,False" />
  <property name="SleeperIsQuestExclude" value="False,False,False,False,False,False,False,False,False" />
  <property name="SleeperVolumeFlags" value="2,2,0,0,0,2,2,2,2" />
  <property name="SleeperVolumeTriggeredBy" value=" # # # # # # # # " />
  <property name="Zoning" value="none" />
  <property class="IndexedBlockOffsets">
    <property class="POILight">
      <property name="0" value="24, 4, 21" />
      <property name="1" value="27, 4, 22" />
      <property name="2" value="30, 5, 22" />
      <property name="3" value="22, 2, 30" />
    </property>
    <property class="FetchContainer">
      <property name="0" value="14, 8, 22" />
    </property>
    <property class="TraderOnOff">
      <property name="0" value="22, 2, 24" />
      <property name="1" value="26, 2, 24" />
    </property>
    <property class="challenge_sinks">
      <property name="0" value="30, 2, 21" />
      <property name="1" value="30, 3, 23" />
      <property name="2" value="26, 2, 27" />
      <property name="3" value="21, 2, 30" />
    </property>
    <property class="challenge_polymers">
      <property name="0" value="22, 2, 22" />
      <property name="1" value="25, 2, 22" />
    </property>
    <property class="challenge_gore">
      <property name="0" value="35, 2, 4" />
    </property>
    <property class="Rally">
      <property name="0" value="26, 2, 3" />
    </property>
    <property class="challenge_cars">
      <property name="0" value="31, 2, 9" />
    </property>
    <property class="challenge_mech_parts">
      <property name="0" value="30, 2, 13" />
      <property name="1" value="29, 2, 18" />
    </property>
  </property>
  <property class="Stats">
    <property name="LightsVolume" value="5427.102" />
    <property name="TotalVertices" value="241922" />
    <property name="TotalTriangles" value="102459" />
    <property class="BlockEntities">
      <property name="Vertices" value="175297" />
      <property name="Triangles" value="61913" />
    </property>
    <property class="ChunkMeshes0">
      <property name="Vertices" value="59817" />
      <property name="Triangles" value="31446" />
    </property>
    <property class="ChunkMeshes1">
      <property name="Vertices" value="0" />
      <property name="Triangles" value="0" />
    </property>
    <property class="ChunkMeshes2">
      <property name="Vertices" value="1456" />
      <property name="Triangles" value="996" />
    </property>
    <property class="ChunkMeshes3">
      <property name="Vertices" value="336" />
      <property name="Triangles" value="168" />
    </property>
    <property class="ChunkMeshes4">
      <property name="Vertices" value="0" />
      <property name="Triangles" value="0" />
    </property>
    <property class="ChunkMeshes5">
      <property name="Vertices" value="5016" />
      <property name="Triangles" value="7936" />
    </property>
  </property>
</prefab>