﻿<?xml version="1.0" encoding="UTF-8"?>
<prefab>
  <property name="CopyAirBlocks" value="True" />
  <property name="ExcludeDistantPOIMesh" value="False" />
  <property name="ExcludePOICulling" value="False" />
  <property name="DistantPOIYOffset" value="0" />
  <property name="AllowTopSoilDecorations" value="False" />
  <property name="DifficultyTier" value="5" />
  <property name="QuestTags" value="clear, fetch, restore_power, infested" />
  <property name="ShowQuestClearCount" value="0" />
  <property name="TraderArea" value="False" />
  <property name="PrefabSize" value="100, 21, 100" />
  <property name="RotationToFaceNorth" value="3" />
  <property name="Zoning" value="none" />
  <property name="SleeperVolumeSize" value="11, 3, 21#11, 3, 17#11, 3, 9#11, 3, 9#11, 3, 4#9, 3, 9#9, 4, 8#9, 3, 9#19, 5, 1#25, 8, 2#7, 3, 6#3, 5, 2#14, 5, 2#12, 5, 2#13, 8, 8#24, 4, 2#19, 6, 8#27, 9, 8#19, 4, 21#11, 3, 21#15, 3, 30#9, 5, 24#13, 5, 10#11, 5, 3#14, 5, 3#13, 5, 5#13, 5, 3#15, 5, 22#11, 5, 19#12, 7, 9#11, 7, 10#11, 7, 12#11, 3, 13#11, 3, 11#11, 3, 14#11, 3, 9#9, 7, 26#13, 7, 2#10, 2, 2#4, 3, 5#4, 3, 4#4, 3, 18#9, 7, 2#4, 3, 12#4, 3, 14#4, 3, 20#4, 3, 11#4, 3, 21#10, 3, 4#21, 4, 16#10, 3, 25" />
  <property name="SleeperVolumeStart" value="15, 1, 49#15, 1, 70#15, 1, 88#15, 1, 36#15, 1, 31#15, 1, 21#15, 1, 12#15, 1, 2#30, 8, 2#32, 5, 7#66, 2, 3#54, 1, 13#31, 8, 13#31, 6, 25#31, 6, 31#33, 6, 43#31, 4, 55#31, 1, 67#42, 1, 76#62, 1, 76#58, 1, 46#63, 0, 19#74, 1, 36#76, 1, 63#73, 1, 70#74, 1, 83#74, 1, 91#27, 1, 75#15, 6, 78#15, 6, 68#15, 6, 57#15, 6, 45#15, 6, 32#15, 6, 21#15, 6, 7#15, 10, 19#44, 14, 22#45, 6, 25#47, 6, 49#26, 1, 2#27, 1, 9#58, 1, 3#46, 6, 19#27, 1, 15#58, 1, 21#27, 1, 30#58, 1, 35#27, 1, 51#16, 1, 45#18, 14, 79#33, 14, 23" />
  <property name="SleeperVolumeGroupId" value="0,0,0,0,0,0,0,0,1,1,0,2,2,3,4,4,5,0,0,0,0,0,0,0,0,0,0,0,0,0,0,0,0,0,0,0,0,3,4,1,2,2,3,3,3,4,4,5,5,20,20" />
  <property name="SleeperVolumeGroup" value="zombieFatHawaiianFeral,12,12,zombieFemaleFatFeral,13,13,zombieFatCopFeral,7,8,GroupZomPoliceCarHorde,9,9,zombieFatCopFeral,4,5,zombieBusinessManFeral,7,8,zombieBusinessManRadiated,5,6,zombieSteveFeral,6,7,zombieBikerFeral,8,9,zombieUtilityWorkerRadiated,12,12,zombieSkateboarderFeral,4,4,zombieInmateFeral,2,2,zombieFatCopRadiated,5,6,zombieMutatedRadiated,9,10,zombieUtilityWorkerFeral,6,7,zombieSoldierRadiated,9,10,zombieScreamerFeral,9,10,GroupSpecialInfected,8,9,zombieUtilityWorkerRadiated,10,10,zombieBoeRadiated,6,7,zombieDemolition,7,8,zombieSkateboarderFeral,7,8,animalZombieDog,10,10,zombieWightFeral,5,6,GroupSpecialInfected,5,5,animalWolf,5,6,zombieBikerRadiated,6,7,zombieUtilityWorkerRadiated,10,10,zombieBusinessManRadiated,8,9,zombieBusinessManFeral,11,11,zombieBusinessManFeral,9,10,zombieBusinessManFeral,11,11,zombiePartyGirlFeral,7,8,zombiePartyGirlRadiated,7,8,zombieFatCopFeral,6,7,zombieWightFeral,5,6,GroupZomBadassOnly,32,32,zombieMutatedFeral,4,5,GroupSpecialInfected,2,3,zombieBikerFeral,0,0,GroupGenericZombie,0,0,GroupGenericZombie,0,0,zombieJoeRadiated,4,5,GroupGenericZombie,0,0,GroupGenericZombie,0,0,GroupGenericZombie,0,0,GroupGenericZombie,0,0,GroupGenericZombie,0,0,GroupGenericZombie,0,0,GroupSpecialInfected,22,22,GroupSpecialInfected,0,0" />
  <property name="SleeperIsLootVolume" value="False,False,False,False,False,False,False,False,False,False,False,False,False,False,False,False,False,False,False,False,False,False,False,False,False,False,False,False,False,False,False,False,False,False,False,False,False,False,False,False,False,False,False,False,False,False,False,False,False,False,False" />
  <property name="SleeperIsQuestExclude" value="False,False,False,False,False,False,False,False,False,False,False,False,False,False,False,False,False,False,False,False,False,False,False,False,False,False,False,False,False,False,False,False,False,False,False,False,False,False,False,False,False,False,False,False,False,False,False,False,False,False,False" />
  <property name="SleeperVolumeFlags" value="2,2,2,2,2,2,2,2,2,2,2,2,2,2,2,2,2,2,2,2,2,2,2,2,2,2,2,2,2,2,2,2,2,2,2,2,3,2,2,2,2,2,2,2,2,2,2,2,2,2,2" />
  <property name="Tags" value="wilderness" />
  <property name="SleeperVolumeTriggeredBy" value=" # # # # # # # # # # # # # # # # # # # # # # # # # # # # # # # # # # # #14# # # # # # # # # # # # #14# " />
  <property name="YOffset" value="-1" />
  <property name="POIMarkerSize" value="1, 1, 9" />
  <property name="POIMarkerStart" value="0, 0, 42" />
  <property name="POIMarkerGroup" value="roadexit" />
  <property name="POIMarkerTags" value="roadexit" />
  <property name="POIMarkerType" value="RoadExit" />
  <property name="POIMarkerPartToSpawn" value="" />
  <property name="POIMarkerPartRotations" value="1" />
  <property name="POIMarkerPartSpawnChance" value="1" />
  <property class="Stats">
    <property name="LightsVolume" value="41945.95" />
    <property name="TotalVertices" value="7569653" />
    <property name="TotalTriangles" value="2800463" />
    <property class="BlockEntities">
      <property name="Vertices" value="6916731" />
      <property name="Triangles" value="2442788" />
    </property>
    <property class="ChunkMeshes0">
      <property name="Vertices" value="636750" />
      <property name="Triangles" value="335645" />
    </property>
    <property class="ChunkMeshes1">
      <property name="Vertices" value="0" />
      <property name="Triangles" value="0" />
    </property>
    <property class="ChunkMeshes2">
      <property name="Vertices" value="3220" />
      <property name="Triangles" value="1742" />
    </property>
    <property class="ChunkMeshes3">
      <property name="Vertices" value="0" />
      <property name="Triangles" value="0" />
    </property>
    <property class="ChunkMeshes4">
      <property name="Vertices" value="0" />
      <property name="Triangles" value="0" />
    </property>
    <property class="ChunkMeshes5">
      <property name="Vertices" value="12952" />
      <property name="Triangles" value="20288" />
    </property>
  </property>
  <property class="IndexedBlockOffsets">
    <property class="challenge_mech_parts">
      <property name="0" value="86, 3, 70" />
      <property name="1" value="86, 4, 70" />
    </property>
    <property class="quest_wood">
      <property name="0" value="13, 2, 82" />
      <property name="1" value="13, 2, 83" />
      <property name="2" value="13, 2, 84" />
      <property name="3" value="13, 2, 85" />
      <property name="4" value="13, 2, 86" />
      <property name="5" value="13, 2, 87" />
      <property name="6" value="13, 2, 88" />
      <property name="7" value="13, 2, 89" />
      <property name="8" value="13, 2, 90" />
      <property name="9" value="13, 2, 91" />
      <property name="10" value="13, 2, 92" />
      <property name="11" value="13, 2, 93" />
      <property name="12" value="13, 2, 94" />
      <property name="13" value="13, 2, 95" />
    </property>
    <property class="POILight">
      <property name="0" value="71, 6, 85" />
      <property name="1" value="73, 6, 85" />
      <property name="2" value="68, 12, 86" />
      <property name="3" value="68, 12, 91" />
      <property name="4" value="71, 6, 92" />
      <property name="5" value="73, 6, 92" />
    </property>
    <property class="challenge_polymers">
      <property name="0" value="85, 2, 91" />
      <property name="1" value="86, 2, 91" />
      <property name="2" value="86, 3, 91" />
      <property name="3" value="86, 4, 91" />
      <property name="4" value="83, 2, 92" />
      <property name="5" value="83, 3, 92" />
      <property name="6" value="83, 4, 92" />
      <property name="7" value="84, 2, 92" />
      <property name="8" value="85, 2, 92" />
      <property name="9" value="86, 2, 92" />
      <property name="10" value="86, 3, 92" />
      <property name="11" value="86, 4, 92" />
      <property name="12" value="82, 2, 93" />
      <property name="13" value="82, 3, 93" />
      <property name="14" value="82, 4, 93" />
      <property name="15" value="83, 2, 93" />
      <property name="16" value="83, 3, 93" />
      <property name="17" value="83, 4, 93" />
      <property name="18" value="84, 2, 93" />
      <property name="19" value="84, 3, 93" />
      <property name="20" value="84, 4, 93" />
      <property name="21" value="85, 2, 93" />
      <property name="22" value="85, 3, 93" />
      <property name="23" value="85, 4, 93" />
      <property name="24" value="86, 2, 93" />
      <property name="25" value="86, 3, 93" />
      <property name="26" value="86, 4, 93" />
    </property>
    <property class="challenge_sinks">
      <property name="0" value="70, 2, 98" />
      <property name="1" value="71, 2, 98" />
    </property>
    <property class="Rally">
      <property name="0" value="3, 1, 46" />
    </property>
    <property class="TraderOnOff">
      <property name="0" value="71, 9, 94" />
    </property>
    <property class="FetchContainer">
      <property name="0" value="51, 17, 34" />
    </property>
    <property class="challenge_steel">
      <property name="0" value="46, 12, 67" />
      <property name="1" value="47, 12, 67" />
      <property name="2" value="48, 12, 67" />
      <property name="3" value="46, 12, 68" />
      <property name="4" value="47, 12, 68" />
      <property name="5" value="48, 12, 68" />
    </property>
    <property class="challenge_gore">
      <property name="0" value="84, 2, 41" />
    </property>
    <property class="challenge_leather">
      <property name="0" value="50, 8, 31" />
      <property name="1" value="51, 8, 31" />
      <property name="2" value="52, 8, 31" />
      <property name="3" value="53, 8, 31" />
      <property name="4" value="55, 8, 31" />
      <property name="5" value="56, 8, 31" />
      <property name="6" value="57, 8, 31" />
      <property name="7" value="51, 6, 32" />
      <property name="8" value="52, 6, 32" />
      <property name="9" value="53, 6, 32" />
      <property name="10" value="54, 6, 32" />
      <property name="11" value="55, 6, 32" />
      <property name="12" value="56, 6, 32" />
      <property name="13" value="57, 6, 32" />
    </property>
    <property class="QuestRestorePower">
      <property name="0" value="45, 2, 96" />
    </property>
    <property class="challenge_pallet">
      <property name="0" value="50, 2, 2" />
      <property name="1" value="50, 8, 2" />
      <property name="2" value="51, 2, 2" />
      <property name="3" value="52, 8, 2" />
      <property name="4" value="55, 2, 2" />
      <property name="5" value="57, 2, 2" />
      <property name="6" value="58, 2, 2" />
    </property>
    <property class="challenge_cars">
      <property name="0" value="82, 1, 56" />
    </property>
    <property class="challenge_elec_parts">
      <property name="0" value="68, 1, 98" />
    </property>
  </property>
</prefab>