﻿<?xml version="1.0" encoding="UTF-8"?>
<prefab>
  <property name="CopyAirBlocks" value="True" />
  <property name="ExcludeDistantPOIMesh" value="False" />
  <property name="ExcludePOICulling" value="False" />
  <property name="DistantPOIYOffset" value="0" />
  <property name="AllowTopSoilDecorations" value="False" />
  <property name="DifficultyTier" value="5" />
  <property name="ShowQuestClearCount" value="1" />
  <property name="TraderArea" value="False" />
  <property name="PrefabSize" value="92, 33, 99" />
  <property name="RotationToFaceNorth" value="2" />
  <property name="POIMarkerSize" value="1, 1, 7" />
  <property name="POIMarkerStart" value="91, 8, 50" />
  <property name="POIMarkerGroup" value="roadexit" />
  <property name="POIMarkerTags" value="" />
  <property name="POIMarkerType" value="RoadExit" />
  <property name="POIMarkerPartToSpawn" value="" />
  <property name="POIMarkerPartRotations" value="3" />
  <property name="POIMarkerPartSpawnChance" value="1" />
  <property name="Tags" value="wilderness, wildernesspoi" />
  <property name="QuestTags" value="clear, fetch, infested" />
  <property name="Zoning" value="none" />
  <property name="SleeperVolumeSize" value="5, 5, 10#11, 6, 6#14, 4, 18#5, 3, 21#17, 3, 10#15, 4, 8#9, 5, 8#11, 5, 14#3, 5, 9#10, 4, 6#7, 4, 7#13, 5, 15#12, 4, 17#11, 7, 13#12, 5, 11#12, 5, 12#5, 6, 7#9, 4, 8#5, 4, 4#3, 4, 11#6, 5, 9#8, 4, 8#17, 3, 15#4, 3, 4#5, 3, 6#6, 5, 6#10, 3, 4#5, 3, 6#10, 4, 4#12, 4, 3#9, 5, 6#7, 4, 6#9, 5, 4#17, 3, 14#19, 6, 16#16, 4, 11#5, 5, 10#11, 3, 15#14, 3, 15#21, 3, 14#7, 4, 14#13, 3, 4#11, 3, 9#7, 3, 5#4, 3, 5#13, 3, 9#27, 6, 14#6, 9, 11#9, 3, 9" />
  <property name="SleeperVolumeStart" value="84, 9, 69#78, 9, 42#63, 9, 47#77, 9, 65#65, 9, 86#49, 9, 69#55, 9, 79#65, 9, 70#49, 14, 69#54, 15, 69#55, 15, 79#63, 15, 70#64, 21, 69#22, 9, 75#9, 9, 75#9, 15, 75#24, 18, 75#24, 18, 65#24, 18, 83#30, 18, 77#26, 1, 77#18, 1, 66#13, 9, 25#27, 12, 30#25, 16, 27#30, 16, 19#15, 16, 25#7, 16, 18#13, 16, 30#14, 16, 35#27, 16, 34#7, 16, 38#26, 20, 41#13, 22, 25#12, 27, 24#48, 4, 67#45, 9, 4#53, 9, 2#70, 9, 2#53, 10, 22#75, 9, 22#73, 14, 22#71, 14, 27#59, 14, 31#53, 14, 31#52, 14, 22#53, 17, 22#64, 9, 11#69, 3, 24" />
  <property name="SleeperVolumeGroupId" value="0,0,0,0,0,0,0,0,0,0,0,0,0,0,0,0,0,0,0,0,0,0,0,0,0,0,0,0,0,0,0,0,0,0,0,0,0,0,0,0,0,0,0,0,0,0,0,0,0" />
  <property name="SleeperVolumeGroup" value="zombieFatCopRadiated,1,2,zombieSoldierRadiated,4,5,zombieSoldierRadiated,9,9,animalZombieDog,3,4,animalZombieDog,2,3,GroupZomPoliceCarHorde,7,8,zombieBikerRadiated,3,4,GroupSpecialInfected,7,8,zombieFemaleFatRadiated,2,3,GroupZomPoliceCarHorde,5,6,GroupZomPoliceCarHorde,4,5,GroupZomPoliceCarHorde,6,7,GroupSpecialInfected,11,11,GroupZomPoliceCarHorde,14,14,zombieDemolition,13,13,zombieFatCopRadiated,9,10,zombieSkateboarderRadiated,4,5,zombieSoldierFeral,5,6,zombieScreamerRadiated,1,1,zombieMutatedFeral,3,4,zombieLabFeral,4,5,GroupZomPoliceCarHorde,11,11,GroupZomPoliceCarHorde,9,10,zombieBoeFeral,1,1,GroupAbandonedHouse,2,3,GroupPrison,3,4,GroupZomPoliceCarHorde,6,7,GroupZomPoliceCarHorde,2,3,zombieBurntFeral,3,4,zombieSoldierFeral,3,4,zombieScreamerFeral,2,3,GroupZomBadassOnly,6,7,zombieFatCopFeral,1,2,GroupZomBadassOnly,13,13,zombieDemolition,13,13,zombieUtilityWorkerFeral,5,6,zombieLumberjackFeral,2,3,zombieMutatedFeral,4,5,animalZombieBear,1,2,GroupZomBadassOnly,13,13,zombieLumberjackFeral,6,7,zombieWightFeral,1,2,GroupZomBadassOnly,4,5,zombieBikerFeral,1,2,zombieMutatedFeral,1,2,zombieMutatedRadiated,6,7,zombieSpider,13,13,zombieScreamerFeral,1,2,zombieDemolition,19,19" />
  <property name="SleeperIsLootVolume" value="False,False,False,False,False,False,False,False,False,False,False,False,False,False,False,False,False,False,False,False,False,False,False,False,False,False,False,False,False,False,False,False,False,False,False,False,False,False,False,False,False,False,False,False,False,False,False,False,False" />
  <property name="SleeperIsQuestExclude" value="False,False,False,False,False,False,False,False,False,False,False,False,False,False,False,False,False,False,False,False,False,False,False,False,False,False,False,False,False,False,False,False,False,False,False,False,False,False,False,False,False,False,False,False,False,False,False,False,False" />
  <property name="SleeperVolumeFlags" value="2,2,2,2,2,2,2,2,2,2,2,2,2,2,2,2,2,2,2,2,2,3,2,2,2,2,2,2,2,2,2,2,2,2,2,2,2,2,2,2,2,0,2,2,2,2,2,2,3" />
  <property name="SleeperVolumeTriggeredBy" value=" # # # # # # # # # # # # # # # # # # # # #5# # # # # # # # # # # # # # # # # # # # # # # # # # #3" />
  <property name="YOffset" value="-9" />
  <property class="IndexedBlockOffsets">
    <property class="quest_wood_trees">
      <property name="0" value="86, 9, 87" />
    </property>
    <property class="challenge_sinks">
      <property name="0" value="78, 9, 81" />
    </property>
    <property class="challenge_gore">
      <property name="0" value="81, 9, 53" />
    </property>
    <property class="POILight">
      <property name="0" value="89, 12, 73" />
      <property name="1" value="86, 12, 74" />
      <property name="2" value="89, 12, 75" />
    </property>
    <property class="challenge_polymers">
      <property name="0" value="84, 9, 69" />
      <property name="1" value="85, 9, 74" />
      <property name="2" value="87, 9, 74" />
      <property name="3" value="87, 11, 74" />
    </property>
    <property class="TraderOnOff">
      <property name="0" value="86, 10, 71" />
    </property>
    <property class="challenge_mech_parts">
      <property name="0" value="87, 9, 42" />
    </property>
    <property class="FetchContainer">
      <property name="0" value="65, 19, 83" />
      <property name="1" value="71, 22, 84" />
    </property>
    <property class="challenge_cars">
      <property name="0" value="81, 9, 46" />
    </property>
    <property class="quest_wood">
      <property name="0" value="82, 10, 33" />
      <property name="1" value="82, 10, 34" />
      <property name="2" value="82, 10, 35" />
      <property name="3" value="82, 10, 36" />
      <property name="4" value="78, 10, 37" />
      <property name="5" value="79, 10, 37" />
      <property name="6" value="80, 10, 37" />
      <property name="7" value="81, 10, 37" />
      <property name="8" value="82, 10, 37" />
    </property>
    <property class="challenge_leather">
      <property name="0" value="67, 10, 24" />
      <property name="1" value="67, 14, 29" />
    </property>
    <property class="challenge_pallet">
      <property name="0" value="74, 9, 84" />
    </property>
    <property class="challenge_steel">
      <property name="0" value="80, 21, 29" />
    </property>
    <property class="challenge_stump">
      <property name="0" value="80, 9, 61" />
    </property>
    <property class="Rally">
      <property name="0" value="87, 9, 53" />
    </property>
  </property>
  <property class="Stats">
    <property name="TotalVertices" value="2903293" />
    <property name="TotalTriangles" value="1450446" />
    <property class="BlockEntities">
      <property name="Vertices" value="2135594" />
      <property name="Triangles" value="844413" />
    </property>
    <property class="ChunkMeshes0">
      <property name="Vertices" value="728981" />
      <property name="Triangles" value="553879" />
    </property>
    <property class="ChunkMeshes1">
      <property name="Vertices" value="5376" />
      <property name="Triangles" value="2688" />
    </property>
    <property class="ChunkMeshes2">
      <property name="Vertices" value="4892" />
      <property name="Triangles" value="2910" />
    </property>
    <property class="ChunkMeshes3">
      <property name="Vertices" value="144" />
      <property name="Triangles" value="72" />
    </property>
    <property class="ChunkMeshes4">
      <property name="Vertices" value="0" />
      <property name="Triangles" value="0" />
    </property>
    <property class="ChunkMeshes5">
      <property name="Vertices" value="28306" />
      <property name="Triangles" value="46484" />
    </property>
  </property>
</prefab>