﻿<?xml version="1.0" encoding="UTF-8"?>
<prefab>
  <property name="CopyAirBlocks" value="True" />
  <property name="ExcludeDistantPOIMesh" value="False" />
  <property name="ExcludePOICulling" value="False" />
  <property name="DistantPOIYOffset" value="0" />
  <property name="AllowTopSoilDecorations" value="False" />
  <property name="DifficultyTier" value="1" />
  <property name="QuestTags" value="clear, fetch" />
  <property name="ShowQuestClearCount" value="1" />
  <property name="TraderArea" value="False" />
  <property name="PrefabSize" value="42, 32, 42" />
  <property name="RotationToFaceNorth" value="1" />
  <property name="Zoning" value="none" />
  <property name="YOffset" value="-7" />
  <property name="POIMarkerSize" value="2, 13, 23" />
  <property name="POIMarkerStart" value="40, 6, 10" />
  <property name="POIMarkerGroup" value="countrytow" />
  <property name="POIMarkerTags" value="" />
  <property name="POIMarkerType" value="PartSpawn" />
  <property name="POIMarkerPartToSpawn" value="part_driveway_countrytown_20" />
  <property name="POIMarkerPartRotations" value="1" />
  <property name="POIMarkerPartSpawnChance" value="1" />
  <property name="Tags" value="countrytown, gateway, nodiagonal" />
  <property class="IndexedBlockOffsets">
    <property class="challenge_sinks">
      <property name="0" value="21, 12, 24" />
    </property>
    <property class="challenge_mech_parts">
      <property name="0" value="13, 7, 25" />
      <property name="1" value="17, 7, 25" />
      <property name="2" value="19, 7, 27" />
      <property name="3" value="13, 7, 28" />
      <property name="4" value="20, 7, 28" />
    </property>
    <property class="TraderOnOff">
      <property name="0" value="26, 7, 20" />
    </property>
    <property class="POILight">
      <property name="0" value="22, 10, 21" />
      <property name="1" value="25, 9, 21" />
    </property>
    <property class="quest_wood_trees">
      <property name="0" value="34, 7, 34" />
    </property>
    <property class="challenge_steel">
      <property name="0" value="24, 7, 18" />
      <property name="1" value="24, 7, 19" />
    </property>
    <property class="Rally">
      <property name="0" value="35, 7, 21" />
    </property>
  </property>
  <property class="Stats">
    <property name="LightsVolume" value="9168.405" />
    <property name="TotalVertices" value="280903" />
    <property name="TotalTriangles" value="130369" />
    <property class="BlockEntities">
      <property name="Vertices" value="240723" />
      <property name="Triangles" value="102569" />
    </property>
    <property class="ChunkMeshes0">
      <property name="Vertices" value="34496" />
      <property name="Triangles" value="18788" />
    </property>
    <property class="ChunkMeshes1">
      <property name="Vertices" value="0" />
      <property name="Triangles" value="0" />
    </property>
    <property class="ChunkMeshes2">
      <property name="Vertices" value="224" />
      <property name="Triangles" value="112" />
    </property>
    <property class="ChunkMeshes3">
      <property name="Vertices" value="0" />
      <property name="Triangles" value="0" />
    </property>
    <property class="ChunkMeshes4">
      <property name="Vertices" value="0" />
      <property name="Triangles" value="0" />
    </property>
    <property class="ChunkMeshes5">
      <property name="Vertices" value="5460" />
      <property name="Triangles" value="8900" />
    </property>
  </property>
</prefab>