﻿<?xml version="1.0" encoding="UTF-8"?>
<prefab>
  <property name="CopyAirBlocks" value="True" />
  <property name="ExcludeDistantPOIMesh" value="False" />
  <property name="ExcludePOICulling" value="False" />
  <property name="DistantPOIYOffset" value="0" />
  <property name="AllowTopSoilDecorations" value="False" />
  <property name="DifficultyTier" value="3" />
  <property name="ShowQuestClearCount" value="1" />
  <property name="TraderArea" value="False" />
  <property name="PrefabSize" value="42, 25, 42" />
  <property name="RotationToFaceNorth" value="0" />
  <property name="Zoning" value="residential" />
  <property name="YOffset" value="-1" />
  <property name="SleeperVolumeSize" value="17, 3, 15#3, 3, 4#4, 2, 4#2, 5, 1#5, 4, 4#9, 3, 4#5, 5, 4#10, 3, 4#6, 3, 5#8, 4, 4#6, 4, 4#1, 6, 3#9, 3, 8#7, 3, 4#8, 3, 13#19, 5, 16#13, 3, 5" />
  <property name="SleeperVolumeStart" value="13, 1, 16#28, 5, 21#26, 8, 17#29, 8, 15#31, 8, 10#15, 8, 16#7, 8, 10#13, 8, 21#7, 8, 30#16, 8, 26#25, 8, 25#30, 8, 29#23, 14, 22#23, 14, 16#13, 14, 16#12, 19, 15#22, 12, 31" />
  <property name="SleeperVolumeGroupId" value="0,0,0,0,0,0,0,0,0,0,0,0,0,0,0,0,0" />
  <property name="SleeperVolumeGroup" value="GroupBikerBar,4,7,zombieBoe,1,1,GroupAbandonedHouse,2,3,GroupAbandonedHouse,1,1,GroupBikerBar,1,3,GroupBikerBar,4,5,GroupGenericZombie,1,3,ZomBurnt,2,2,zombieBusinessManFeral,4,4,GroupZomBadass,2,3,zombieFatCop,2,2,zombieScreamerFeral,1,1,GroupBikerBar,4,5,animalZombieDog,1,2,GroupZomPoliceCarHorde,2,2,GroupZomPoliceCarHorde,5,9,ZomFatCops,1,2" />
  <property name="SleeperIsLootVolume" value="False,False,False,False,False,False,False,False,False,False,False,False,False,False,False,False,False" />
  <property name="SleeperIsQuestExclude" value="False,False,False,False,False,False,False,False,False,False,False,False,False,False,False,False,False" />
  <property name="SleeperVolumeFlags" value="2,2,2,2,2,2,2,2,2,2,2,2,2,2,2,2,2" />
  <property name="SleeperVolumeTriggeredBy" value=" # # # # # # # # # # # # # # # # " />
  <property name="Tags" value="rural" />
  <property name="QuestTags" value="clear, fetch, infested" />
  <property name="EditorGroups" value="Wilderness" />
  <property name="POIMarkerSize" value="7, 13, 3" />
  <property name="POIMarkerStart" value="18, 0, 41" />
  <property name="POIMarkerGroup" value="rural" />
  <property name="POIMarkerTags" value="driveway" />
  <property name="POIMarkerType" value="PartSpawn" />
  <property name="POIMarkerPartToSpawn" value="part_driveway_rural_15" />
  <property name="POIMarkerPartRotations" value="0" />
  <property name="POIMarkerPartSpawnChance" value="1" />
  <property class="IndexedBlockOffsets">
    <property class="challenge_sinks">
      <property name="0" value="31, 1, 24" />
      <property name="1" value="31, 1, 25" />
      <property name="2" value="31, 2, 25" />
      <property name="3" value="31, 2, 26" />
    </property>
    <property class="challenge_gore">
      <property name="0" value="25, 8, 23" />
      <property name="1" value="26, 20, 23" />
      <property name="2" value="33, 14, 24" />
      <property name="3" value="22, 21, 25" />
      <property name="4" value="23, 1, 28" />
      <property name="5" value="34, 8, 31" />
    </property>
    <property class="POILight">
      <property name="0" value="24, 12, 22" />
      <property name="1" value="31, 4, 22" />
      <property name="2" value="21, 6, 23" />
      <property name="3" value="24, 17, 23" />
      <property name="4" value="33, 14, 25" />
      <property name="5" value="22, 17, 26" />
      <property name="6" value="27, 17, 26" />
      <property name="7" value="22, 12, 27" />
      <property name="8" value="26, 12, 27" />
      <property name="9" value="21, 6, 28" />
      <property name="10" value="25, 6, 28" />
      <property name="11" value="21, 4, 31" />
      <property name="12" value="26, 3, 31" />
      <property name="13" value="32, 6, 32" />
    </property>
    <property class="challenge_polymers">
      <property name="0" value="29, 1, 23" />
      <property name="1" value="26, 21, 28" />
    </property>
    <property class="TraderOnOff">
      <property name="0" value="22, 8, 23" />
      <property name="1" value="28, 9, 25" />
      <property name="2" value="32, 1, 25" />
      <property name="3" value="28, 9, 26" />
      <property name="4" value="30, 14, 26" />
      <property name="5" value="21, 9, 27" />
      <property name="6" value="22, 9, 27" />
      <property name="7" value="28, 9, 27" />
      <property name="8" value="23, 15, 29" />
      <property name="9" value="29, 8, 29" />
      <property name="10" value="21, 1, 30" />
    </property>
    <property class="challenge_mech_parts">
      <property name="0" value="28, 1, 25" />
      <property name="1" value="31, 1, 26" />
    </property>
    <property class="FetchContainer">
      <property name="0" value="28, 21, 28" />
    </property>
    <property class="challenge_leather">
      <property name="0" value="32, 8, 11" />
    </property>
    <property class="quest_wood">
      <property name="0" value="27, 21, 25" />
      <property name="1" value="28, 21, 25" />
      <property name="2" value="29, 21, 25" />
    </property>
    <property class="Rally">
      <property name="0" value="22, 1, 34" />
    </property>
  </property>
  <property class="Stats">
    <property name="LightsVolume" value="12359.55" />
    <property name="TotalVertices" value="1024480" />
    <property name="TotalTriangles" value="577150" />
    <property class="BlockEntities">
      <property name="Vertices" value="684380" />
      <property name="Triangles" value="259197" />
    </property>
    <property class="ChunkMeshes0">
      <property name="Vertices" value="328498" />
      <property name="Triangles" value="307115" />
    </property>
    <property class="ChunkMeshes1">
      <property name="Vertices" value="5376" />
      <property name="Triangles" value="2688" />
    </property>
    <property class="ChunkMeshes2">
      <property name="Vertices" value="1516" />
      <property name="Triangles" value="758" />
    </property>
    <property class="ChunkMeshes3">
      <property name="Vertices" value="0" />
      <property name="Triangles" value="0" />
    </property>
    <property class="ChunkMeshes4">
      <property name="Vertices" value="0" />
      <property name="Triangles" value="0" />
    </property>
    <property class="ChunkMeshes5">
      <property name="Vertices" value="4710" />
      <property name="Triangles" value="7392" />
    </property>
  </property>
</prefab>