﻿<?xml version="1.0" encoding="UTF-8"?>
<prefab>
  <property name="CopyAirBlocks" value="True" />
  <property name="ExcludeDistantPOIMesh" value="False" />
  <property name="ExcludePOICulling" value="False" />
  <property name="DistantPOIYOffset" value="0" />
  <property name="AllowTopSoilDecorations" value="False" />
  <property name="DifficultyTier" value="0" />
  <property name="ShowQuestClearCount" value="1" />
  <property name="TraderArea" value="False" />
  <property name="PrefabSize" value="34, 15, 22" />
  <property name="RotationToFaceNorth" value="2" />
  <property name="YOffset" value="-4" />
  <property name="Zoning" value="none" />
  <property name="SleeperVolumeSize" value="9, 8, 7" />
  <property name="SleeperVolumeStart" value="12, 9, 8" />
  <property name="SleeperVolumeGroupId" value="0" />
  <property name="SleeperVolumeGroup" value="animalZombieVulture,19,19" />
  <property name="SleeperIsLootVolume" value="False" />
  <property name="SleeperIsQuestExclude" value="False" />
  <property name="SleeperVolumeFlags" value="2" />
  <property name="SleeperVolumeTriggeredBy" value=" " />
  <property name="POIMarkerSize" value="1, 1, 7" />
  <property name="POIMarkerStart" value="33, 3, 8" />
  <property name="POIMarkerGroup" value="roadexit" />
  <property name="POIMarkerTags" value="" />
  <property name="POIMarkerType" value="RoadExit" />
  <property name="POIMarkerPartToSpawn" value="" />
  <property name="POIMarkerPartRotations" value="3" />
  <property name="POIMarkerPartSpawnChance" value="1" />
  <property name="Tags" value="wilderness" />
  <property class="Stats">
    <property name="LightsVolume" value="1809.557" />
    <property name="TotalVertices" value="74986" />
    <property name="TotalTriangles" value="38713" />
    <property class="BlockEntities">
      <property name="Vertices" value="19976" />
      <property name="Triangles" value="6863" />
    </property>
    <property class="ChunkMeshes0">
      <property name="Vertices" value="11206" />
      <property name="Triangles" value="6842" />
    </property>
    <property class="ChunkMeshes1">
      <property name="Vertices" value="41088" />
      <property name="Triangles" value="20544" />
    </property>
    <property class="ChunkMeshes2">
      <property name="Vertices" value="0" />
      <property name="Triangles" value="0" />
    </property>
    <property class="ChunkMeshes3">
      <property name="Vertices" value="0" />
      <property name="Triangles" value="0" />
    </property>
    <property class="ChunkMeshes4">
      <property name="Vertices" value="0" />
      <property name="Triangles" value="0" />
    </property>
    <property class="ChunkMeshes5">
      <property name="Vertices" value="2716" />
      <property name="Triangles" value="4464" />
    </property>
  </property>
  <property class="IndexedBlockOffsets">
    <property class="quest_feather">
      <property name="0" value="17, 14, 11" />
      <property name="1" value="20, 5, 12" />
    </property>
    <property class="POILight">
      <property name="0" value="18, 8, 11" />
      <property name="1" value="18, 12, 11" />
    </property>
    <property class="challenge_gore">
      <property name="0" value="15, 10, 11" />
    </property>
    <property class="challenge_polymers">
      <property name="0" value="17, 10, 12" />
    </property>
  </property>
</prefab>