﻿<?xml version="1.0" encoding="UTF-8"?>
<prefab>
  <property name="CopyAirBlocks" value="True" />
  <property name="ExcludeDistantPOIMesh" value="False" />
  <property name="ExcludePOICulling" value="False" />
  <property name="DistantPOIYOffset" value="0" />
  <property name="AllowTopSoilDecorations" value="False" />
  <property name="DifficultyTier" value="4" />
  <property name="QuestTags" value="clear, fetch" />
  <property name="ShowQuestClearCount" value="1" />
  <property name="TraderArea" value="False" />
  <property name="PrefabSize" value="24, 27, 25" />
  <property name="RotationToFaceNorth" value="2" />
  <property name="YOffset" value="-7" />
  <property name="Zoning" value="none" />
  <property name="SleeperVolumeSize" value="15, 3, 7#15, 3, 10#11, 4, 12#20, 3, 7#2, 1, 3#9, 2, 11#4, 4, 5" />
  <property name="SleeperVolumeStart" value="5, 1, 4#5, 1, 11#2, 9, 10#2, 7, 3#10, 7, 12#14, 7, 12#17, 12, 6" />
  <property name="SleeperVolumeGroupId" value="0,0,0,0,100,100,0" />
  <property name="SleeperVolumeGroup" value="zombieSoldierFeral,7,8,zombieSoldierFeral,7,8,zombieSoldierRadiated,6,7,zombieWightRadiated,3,4,animalZombieDog,3,3,animalZombieDog,0,0,zombieDemolition,1,1" />
  <property name="SleeperIsLootVolume" value="False,False,False,False,False,False,False" />
  <property name="SleeperIsQuestExclude" value="False,False,False,False,False,False,False" />
  <property name="SleeperVolumeFlags" value="2,2,2,2,2,2,2" />
  <property name="SleeperVolumeTriggeredBy" value=" # # # # # # " />
  <property name="Tags" value="wilderness" />
  <property name="EditorGroups" value="Wilderness" />
  <property name="POIMarkerSize" value="4, 1, 1" />
  <property name="POIMarkerStart" value="17, 6, 24" />
  <property name="POIMarkerGroup" value="ROADEXIT" />
  <property name="POIMarkerTags" value="" />
  <property name="POIMarkerType" value="RoadExit" />
  <property name="POIMarkerPartToSpawn" value="" />
  <property name="POIMarkerPartRotations" value="0" />
  <property name="POIMarkerPartSpawnChance" value="1" />
  <property class="Stats">
    <property name="TotalVertices" value="517407" />
    <property name="TotalTriangles" value="162434" />
    <property class="BlockEntities">
      <property name="Vertices" value="486670" />
      <property name="Triangles" value="142985" />
    </property>
    <property class="ChunkMeshes0">
      <property name="Vertices" value="27799" />
      <property name="Triangles" value="14581" />
    </property>
    <property class="ChunkMeshes1">
      <property name="Vertices" value="0" />
      <property name="Triangles" value="0" />
    </property>
    <property class="ChunkMeshes2">
      <property name="Vertices" value="264" />
      <property name="Triangles" value="132" />
    </property>
    <property class="ChunkMeshes3">
      <property name="Vertices" value="0" />
      <property name="Triangles" value="0" />
    </property>
    <property class="ChunkMeshes4">
      <property name="Vertices" value="0" />
      <property name="Triangles" value="0" />
    </property>
    <property class="ChunkMeshes5">
      <property name="Vertices" value="2674" />
      <property name="Triangles" value="4736" />
    </property>
  </property>
  <property class="IndexedBlockOffsets">
    <property class="challenge_sinks">
      <property name="0" value="5, 1, 18" />
      <property name="1" value="5, 2, 18" />
    </property>
    <property class="challenge_polymers">
      <property name="0" value="16, 1, 16" />
      <property name="1" value="12, 2, 20" />
      <property name="2" value="16, 7, 22" />
    </property>
    <property class="challenge_gore">
      <property name="0" value="15, 7, 15" />
      <property name="1" value="18, 1, 15" />
      <property name="2" value="14, 1, 16" />
    </property>
    <property class="POILight">
      <property name="0" value="17, 4, 16" />
    </property>
    <property class="FetchContainer">
      <property name="0" value="5, 4, 14" />
      <property name="1" value="5, 4, 20" />
    </property>
    <property class="TraderOnOff">
      <property name="0" value="11, 9, 15" />
      <property name="1" value="11, 4, 20" />
    </property>
    <property class="challenge_leather">
      <property name="0" value="12, 1, 16" />
      <property name="1" value="13, 1, 16" />
      <property name="2" value="13, 1, 17" />
      <property name="3" value="13, 1, 18" />
    </property>
    <property class="challenge_mech_parts">
      <property name="0" value="18, 1, 13" />
      <property name="1" value="15, 1, 19" />
      <property name="2" value="19, 1, 19" />
    </property>
    <property class="challenge_cars">
      <property name="0" value="18, 7, 16" />
    </property>
    <property class="Rally">
      <property name="0" value="19, 7, 23" />
    </property>
  </property>
</prefab>