﻿<?xml version="1.0" encoding="UTF-8"?>
<prefab>
  <property name="CopyAirBlocks" value="True" />
  <property name="ExcludeDistantPOIMesh" value="False" />
  <property name="ExcludePOICulling" value="False" />
  <property name="DistantPOIYOffset" value="0" />
  <property name="AllowTopSoilDecorations" value="False" />
  <property name="DifficultyTier" value="3" />
  <property name="QuestTags" value="clear, fetch" />
  <property name="ShowQuestClearCount" value="1" />
  <property name="TraderArea" value="False" />
  <property name="PrefabSize" value="42, 21, 42" />
  <property name="RotationToFaceNorth" value="3" />
  <property name="Zoning" value="none" />
  <property name="SleeperVolumeSize" value="11, 3, 25#7, 6, 9#7, 5, 10#6, 7, 15#13, 3, 24#9, 3, 23" />
  <property name="SleeperVolumeStart" value="16, 1, 9#18, 5, 10#18, 6, 22#11, 1, 13#27, 1, 15#18, 11, 9" />
  <property name="SleeperVolumeGroupId" value="0,0,0,0,0,0" />
  <property name="SleeperVolumeGroup" value="GroupBikerBar,10,16,GroupGenericZombie,5,6,GroupZomPoliceCarHorde,5,6,animalZombieVulture,3,4,animalBoar,3,4,animalZombieVultureRadiated,1,2" />
  <property name="SleeperIsLootVolume" value="False,False,False,False,False,False" />
  <property name="SleeperIsQuestExclude" value="False,False,False,False,False,False" />
  <property name="SleeperVolumeFlags" value="2,2,2,2,2,2" />
  <property name="Tags" value="countrytown, countryresidential, lakeside" />
  <property name="YOffset" value="-1" />
  <property name="SleeperVolumeTriggeredBy" value=" # # # # # " />
  <property class="Stats">
    <property name="LightsVolume" value="8709.543" />
    <property name="TotalVertices" value="475387" />
    <property name="TotalTriangles" value="193773" />
    <property class="BlockEntities">
      <property name="Vertices" value="427062" />
      <property name="Triangles" value="162660" />
    </property>
    <property class="ChunkMeshes0">
      <property name="Vertices" value="42275" />
      <property name="Triangles" value="23039" />
    </property>
    <property class="ChunkMeshes1">
      <property name="Vertices" value="0" />
      <property name="Triangles" value="0" />
    </property>
    <property class="ChunkMeshes2">
      <property name="Vertices" value="1308" />
      <property name="Triangles" value="654" />
    </property>
    <property class="ChunkMeshes3">
      <property name="Vertices" value="0" />
      <property name="Triangles" value="0" />
    </property>
    <property class="ChunkMeshes4">
      <property name="Vertices" value="0" />
      <property name="Triangles" value="0" />
    </property>
    <property class="ChunkMeshes5">
      <property name="Vertices" value="4742" />
      <property name="Triangles" value="7420" />
    </property>
  </property>
  <property class="IndexedBlockOffsets">
    <property class="Rally">
      <property name="0" value="6, 1, 5" />
    </property>
    <property class="challenge_polymers">
      <property name="0" value="38, 1, 16" />
    </property>
    <property class="quest_wood">
      <property name="0" value="27, 1, 22" />
      <property name="1" value="27, 1, 24" />
      <property name="2" value="27, 1, 25" />
      <property name="3" value="23, 1, 34" />
      <property name="4" value="24, 1, 34" />
      <property name="5" value="26, 1, 34" />
    </property>
    <property class="challenge_leather">
      <property name="0" value="21, 1, 13" />
      <property name="1" value="24, 1, 13" />
    </property>
    <property class="FetchContainer">
      <property name="0" value="18, 6, 23" />
    </property>
    <property class="quest_feather">
      <property name="0" value="21, 12, 21" />
      <property name="1" value="23, 12, 31" />
    </property>
    <property class="TraderOnOff">
      <property name="0" value="24, 8, 24" />
      <property name="1" value="33, 1, 27" />
    </property>
    <property class="challenge_sinks">
      <property name="0" value="22, 6, 26" />
      <property name="1" value="21, 1, 34" />
      <property name="2" value="22, 1, 34" />
    </property>
    <property class="quest_wood_trees">
      <property name="0" value="22, 1, 5" />
      <property name="1" value="32, 1, 7" />
      <property name="2" value="33, 1, 15" />
    </property>
    <property class="challenge_mech_parts">
      <property name="0" value="24, 1, 15" />
    </property>
    <property class="POILight">
      <property name="0" value="21, 2, 32" />
    </property>
  </property>
</prefab>