﻿<?xml version="1.0" encoding="UTF-8"?>
<prefab>
  <property name="CopyAirBlocks" value="True" />
  <property name="ExcludeDistantPOIMesh" value="False" />
  <property name="ExcludePOICulling" value="False" />
  <property name="DistantPOIYOffset" value="0" />
  <property name="AllowTopSoilDecorations" value="False" />
  <property name="DifficultyTier" value="5" />
  <property name="ShowQuestClearCount" value="1" />
  <property name="TraderArea" value="False" />
  <property name="PrefabSize" value="71, 38, 93" />
  <property name="RotationToFaceNorth" value="2" />
  <property name="Zoning" value="none" />
  <property name="YOffset" value="-18" />
  <property name="SleeperVolumeSize" value="2, 3, 4#4, 3, 7#3, 3, 12#4, 4, 7#15, 4, 28#3, 3, 3#18, 3, 5#11, 3, 5#7, 3, 4#12, 4, 1#8, 3, 2#16, 4, 20#17, 4, 20#8, 3, 10#8, 3, 9#12, 3, 10#6, 2, 15#7, 3, 11#9, 3, 14#8, 3, 11#11, 4, 11#2, 3, 10#5, 2, 6#9, 3, 4#14, 6, 15#5, 5, 8#13, 4, 14#5, 3, 6#9, 3, 5#16, 2, 5#11, 3, 4#5, 2, 6#5, 5, 5#11, 3, 7#12, 4, 10#12, 5, 13#7, 4, 7#9, 3, 4#9, 3, 3#9, 3, 3#9, 3, 3#9, 3, 3#9, 3, 3#9, 3, 4#8, 3, 4#7, 3, 3#7, 3, 3#7, 3, 3#7, 3, 3#7, 3, 3#7, 3, 4#11, 4, 9#12, 3, 10#6, 3, 8#5, 3, 12#5, 4, 11#5, 4, 15#5, 4, 10" />
  <property name="SleeperVolumeStart" value="59, 13, 3#56, 13, 8#61, 13, 7#65, 12, 9#54, 13, 21#51, 13, 38#33, 13, 37#3, 13, 37#2, 12, 32#8, 13, 23#2, 13, 14#20, 13, 16#36, 13, 16#46, 13, 5#38, 13, 6#25, 13, 5#61, 9, 7#53, 9, 7#44, 9, 7#33, 9, 8#12, 9, 8#2, 7, 7#1, 1, 2#2, 1, 16#35, 1, 7#64, 1, 46#46, 1, 77#64, 7, 85#60, 7, 77#41, 10, 25#8, 6, 23#16, 1, 24#2, 1, 31#12, 1, 61#11, 1, 69#11, 6, 55#38, 12, 54#51, 12, 87#51, 12, 83#51, 12, 79#51, 12, 75#51, 12, 71#51, 12, 67#51, 12, 62#62, 12, 87#62, 12, 83#62, 12, 79#62, 12, 75#62, 12, 71#62, 12, 67#62, 12, 62#11, 12, 45#11, 12, 69#2, 12, 60#2, 12, 47#2, 1, 37#2, 1, 64#51, 1, 62" />
  <property name="SleeperVolumeGroupId" value="0,0,0,0,0,0,0,0,0,0,0,0,0,0,0,0,0,0,0,0,0,0,0,0,0,0,0,0,0,0,0,0,0,0,0,0,0,0,0,0,0,0,0,0,0,0,0,0,0,0,0,0,0,0,0,0,0,0" />
  <property name="SleeperVolumeGroup" value="zombieBoeCharged,1,1,zombieJanitorRadiated,2,2,GroupAllCharged,4,5,zombieBusinessManRadiated,1,2,zombieScreamerCharged,6,7,zombieFatHawaiianFeral,1,2,GroupAllRadiated,7,8,GroupAllFeral,5,6,zombieSoldierFeralGroup,3,4,zombiePlagueSpitterFeral,1,1,zombieSteveCharged,1,2,zombieSpiderInfernal,3,4,zombieUtilityWorkerFeral,3,4,animalZombieDog,6,7,animalChicken,9,10,animalBoar,1,1,GroupAllFeral,9,10,zombieBikerFeral,1,2,zombieBurntFeral,5,6,GroupZomPoliceCarHorde,7,8,GroupAllRadiated,2,3,GroupAllInfernal,1,2,animalZombieVulture,4,5,zombiePartyGirlFeral,6,7,zombieFrostclaw,6,7,GroupZomPoliceCarHorde,16,16,zombieBikerFeral,5,6,GroupSpecialInfected,7,8,zombieFatCopRadiated,1,1,GroupAllCharged,9,10,zombieSoldierFeralGroup,4,5,GroupAllRadiated,3,4,zombieSoldierFeralGroup,1,2,zombieUtilityWorkerFeralGroup,2,3,zombieBusinessManFeralGroup,5,6,zombieInmateFeralGroup,5,6,GroupSpecialInfected,11,11,zombieArleneRadiated,1,1,zombieBikerFeral,1,1,zombieBoeInfernal,1,1,zombieBowlerFeral,1,1,zombieBusinessManInfernal,1,1,zombieDemolition,1,1,zombieFatCopFeral,1,1,zombieFemaleFatFeral,1,1,zombieFrostclawFeral,1,1,zombieInmateCharged,1,1,zombieJanitorFeral,1,1,zombieMaleHazmatRadiated,1,1,zombiePlagueSpitterFeral,1,1,zombieWightFeral,1,1,GroupZomPoliceCarHorde,3,4,zombieSoldierFeralGroup,5,6,GroupZomBadass,1,2,zombieScreamerFeral,3,4,zombieSoldierRadiated,4,5,zombieWightFeral,3,4,GroupAllRadiated,20,21" />
  <property name="SleeperIsLootVolume" value="False,False,False,False,False,False,False,False,False,False,False,False,False,False,False,False,False,False,False,False,False,False,False,False,False,False,False,False,False,False,False,False,False,False,False,False,False,False,False,False,False,False,False,False,False,False,False,False,False,False,False,False,False,False,False,False,False,False" />
  <property name="SleeperIsQuestExclude" value="False,False,False,False,False,False,False,False,False,False,False,False,False,False,False,False,False,False,False,False,False,False,False,False,False,False,False,False,False,False,False,False,False,False,False,False,False,False,False,False,False,False,False,False,False,False,False,False,False,False,False,False,False,False,False,False,False,False" />
  <property name="SleeperVolumeFlags" value="2,2,2,2,2,2,2,2,2,2,2,2,2,2,4,4,2,2,2,2,2,2,2,2,2,2,3,2,2,2,2,2,2,2,2,2,2,2,2,2,2,2,2,2,2,2,2,2,2,2,2,2,4,2,2,2,2,3" />
  <property name="SleeperVolumeTriggeredBy" value=" # # # # # # # # # # # # # # # # # # # # # # # # # #5# # # # # # # # # # # # # # # # # # # # # # # # # # # # # # #7" />
  <property name="POIMarkerSize" value="1, 1, 1" />
  <property name="POIMarkerStart" value="40, 17, 0" />
  <property name="POIMarkerGroup" value="roadexit" />
  <property name="POIMarkerTags" value="" />
  <property name="POIMarkerType" value="RoadExit" />
  <property name="POIMarkerPartToSpawn" value="" />
  <property name="POIMarkerPartRotations" value="2" />
  <property name="POIMarkerPartSpawnChance" value="1" />
  <property name="Tags" value="wilderness" />
  <property name="QuestTags" value="clear, fetch, restore_power" />
  <property class="Stats">
    <property name="LightsVolume" value="37463.09" />
    <property name="TotalVertices" value="2869582" />
    <property name="TotalTriangles" value="1179647" />
    <property class="BlockEntities">
      <property name="Vertices" value="2423331" />
      <property name="Triangles" value="902397" />
    </property>
    <property class="ChunkMeshes0">
      <property name="Vertices" value="387803" />
      <property name="Triangles" value="209118" />
    </property>
    <property class="ChunkMeshes1">
      <property name="Vertices" value="14848" />
      <property name="Triangles" value="7424" />
    </property>
    <property class="ChunkMeshes2">
      <property name="Vertices" value="8730" />
      <property name="Triangles" value="4568" />
    </property>
    <property class="ChunkMeshes3">
      <property name="Vertices" value="72" />
      <property name="Triangles" value="36" />
    </property>
    <property class="ChunkMeshes4">
      <property name="Vertices" value="0" />
      <property name="Triangles" value="0" />
    </property>
    <property class="ChunkMeshes5">
      <property name="Vertices" value="34798" />
      <property name="Triangles" value="56104" />
    </property>
  </property>
  <property class="IndexedBlockOffsets">
    <property class="POILight">
      <property name="0" value="68, 14, 47" />
    </property>
    <property class="challenge_steel">
      <property name="0" value="68, 1, 89" />
    </property>
    <property class="TraderOnOff">
      <property name="0" value="67, 13, 20" />
    </property>
    <property class="quest_wood_trees">
      <property name="0" value="55, 18, 62" />
      <property name="1" value="63, 18, 74" />
      <property name="2" value="56, 18, 77" />
    </property>
    <property class="challenge_polymers">
      <property name="0" value="66, 4, 66" />
    </property>
    <property class="quest_wood">
      <property name="0" value="67, 18, 2" />
      <property name="1" value="67, 19, 2" />
      <property name="2" value="67, 20, 2" />
      <property name="3" value="68, 18, 2" />
      <property name="4" value="68, 19, 2" />
      <property name="5" value="68, 20, 2" />
      <property name="6" value="69, 18, 2" />
      <property name="7" value="69, 19, 2" />
      <property name="8" value="67, 21, 3" />
      <property name="9" value="68, 21, 3" />
      <property name="10" value="69, 18, 3" />
      <property name="11" value="69, 19, 3" />
      <property name="12" value="69, 20, 3" />
      <property name="13" value="67, 21, 4" />
      <property name="14" value="68, 21, 4" />
      <property name="15" value="69, 18, 4" />
      <property name="16" value="69, 19, 4" />
      <property name="17" value="69, 20, 4" />
      <property name="18" value="67, 21, 5" />
      <property name="19" value="68, 21, 5" />
      <property name="20" value="69, 18, 5" />
      <property name="21" value="69, 19, 5" />
      <property name="22" value="69, 20, 5" />
      <property name="23" value="67, 18, 6" />
      <property name="24" value="67, 19, 6" />
      <property name="25" value="67, 20, 6" />
      <property name="26" value="68, 18, 6" />
      <property name="27" value="68, 19, 6" />
      <property name="28" value="68, 20, 6" />
      <property name="29" value="69, 18, 6" />
      <property name="30" value="69, 19, 6" />
    </property>
    <property class="challenge_mech_parts">
      <property name="0" value="57, 1, 79" />
      <property name="1" value="57, 1, 81" />
      <property name="2" value="57, 1, 85" />
      <property name="3" value="57, 1, 87" />
    </property>
    <property class="challenge_sinks">
      <property name="0" value="68, 4, 51" />
    </property>
    <property class="challenge_stump">
      <property name="0" value="44, 1, 16" />
    </property>
    <property class="quest_stone_boulder">
      <property name="0" value="20, 1, 15" />
    </property>
    <property class="FetchContainer">
      <property name="0" value="54, 2, 73" />
    </property>
    <property class="QuestRestorePower">
      <property name="0" value="35, 1, 85" />
    </property>
    <property class="Rally">
      <property name="0" value="62, 18, 3" />
    </property>
    <property class="challenge_leather">
      <property name="0" value="62, 10, 28" />
    </property>
    <property class="challenge_gore">
      <property name="0" value="52, 2, 43" />
      <property name="1" value="58, 6, 44" />
    </property>
    <property class="challenge_pallet">
      <property name="0" value="58, 1, 56" />
    </property>
  </property>
</prefab>