﻿<?xml version="1.0" encoding="UTF-8"?>
<prefab>
  <property name="CopyAirBlocks" value="True" />
  <property name="ExcludeDistantPOIMesh" value="False" />
  <property name="ExcludePOICulling" value="False" />
  <property name="DistantPOIYOffset" value="0" />
  <property name="AllowTopSoilDecorations" value="False" />
  <property name="DifficultyTier" value="2" />
  <property name="ShowQuestClearCount" value="1" />
  <property name="TraderArea" value="False" />
  <property name="YOffset" value="-2" />
  <property name="PrefabSize" value="42, 23, 42" />
  <property name="RotationToFaceNorth" value="2" />
  <property name="Zoning" value="none" />
  <property name="Tags" value="downtown" />
  <property name="QuestTags" value="clear, fetch, infested" />
  <property name="SleeperVolumeSize" value="10, 8, 8#3, 4, 4#7, 4, 13#6, 4, 5#10, 5, 6#10, 3, 12#11, 4, 7#5, 5, 7" />
  <property name="SleeperVolumeStart" value="18, 3, 19#33, 3, 22#9, 3, 18#10, 8, 18#28, 7, 26#26, 13, 18#9, 13, 18#27, 17, 20" />
  <property name="SleeperVolumeGroupId" value="0,0,0,0,0,0,0,0" />
  <property name="SleeperVolumeGroup" value="GroupAbandonedHouse,2,3,GroupGenericZombie,1,1,GroupGenericZombie,2,3,GroupBikerBar,1,1,GroupAbandonedHouse,1,1,GroupGenericZombie,1,2,GroupAbandonedHouse,1,2,GroupAbandonedHouse,3,4" />
  <property name="SleeperIsLootVolume" value="False,False,False,False,False,False,False,False" />
  <property name="SleeperIsQuestExclude" value="False,False,False,False,False,False,False,False" />
  <property name="SleeperVolumeFlags" value="0,2,2,0,2,2,2,2" />
  <property name="SleeperVolumeTriggeredBy" value=" # # # # # # # " />
  <property class="IndexedBlockOffsets">
    <property class="challenge_sinks">
      <property name="0" value="32, 3, 23" />
      <property name="1" value="32, 3, 25" />
      <property name="2" value="31, 13, 26" />
      <property name="3" value="32, 13, 27" />
      <property name="4" value="35, 20, 27" />
      <property name="5" value="35, 20, 29" />
      <property name="6" value="23, 8, 31" />
      <property name="7" value="24, 8, 31" />
    </property>
    <property class="challenge_gore">
      <property name="0" value="10, 18, 19" />
    </property>
    <property class="challenge_mech_parts">
      <property name="0" value="38, 8, 30" />
    </property>
    <property class="challenge_polymers">
      <property name="0" value="37, 8, 24" />
      <property name="1" value="38, 3, 31" />
    </property>
    <property class="POILight">
      <property name="0" value="37, 9, 29" />
      <property name="1" value="38, 4, 29" />
    </property>
    <property class="quest_feather">
      <property name="0" value="38, 18, 18" />
    </property>
    <property class="TraderOnOff">
      <property name="0" value="29, 8, 21" />
      <property name="1" value="29, 18, 21" />
      <property name="2" value="28, 19, 23" />
      <property name="3" value="30, 13, 28" />
    </property>
    <property class="FetchContainer">
      <property name="0" value="19, 22, 26" />
    </property>
    <property class="challenge_steel">
      <property name="0" value="22, 8, 24" />
    </property>
    <property class="Rally">
      <property name="0" value="24, 2, 4" />
    </property>
    <property class="challenge_pallet">
      <property name="0" value="36, 18, 28" />
    </property>
  </property>
  <property class="Stats">
    <property name="LightsVolume" value="5108.753" />
    <property name="TotalVertices" value="473351" />
    <property name="TotalTriangles" value="198970" />
    <property class="BlockEntities">
      <property name="Vertices" value="313001" />
      <property name="Triangles" value="95825" />
    </property>
    <property class="ChunkMeshes0">
      <property name="Vertices" value="149912" />
      <property name="Triangles" value="91581" />
    </property>
    <property class="ChunkMeshes1">
      <property name="Vertices" value="768" />
      <property name="Triangles" value="384" />
    </property>
    <property class="ChunkMeshes2">
      <property name="Vertices" value="3460" />
      <property name="Triangles" value="2520" />
    </property>
    <property class="ChunkMeshes3">
      <property name="Vertices" value="1088" />
      <property name="Triangles" value="544" />
    </property>
    <property class="ChunkMeshes4">
      <property name="Vertices" value="0" />
      <property name="Triangles" value="0" />
    </property>
    <property class="ChunkMeshes5">
      <property name="Vertices" value="5122" />
      <property name="Triangles" value="8116" />
    </property>
  </property>
</prefab>