﻿<?xml version="1.0" encoding="UTF-8"?>
<prefab>
  <property name="CopyAirBlocks" value="True" />
  <property name="ExcludeDistantPOIMesh" value="False" />
  <property name="ExcludePOICulling" value="False" />
  <property name="DistantPOIYOffset" value="0" />
  <property name="AllowTopSoilDecorations" value="False" />
  <property name="DifficultyTier" value="5" />
  <property name="ShowQuestClearCount" value="1" />
  <property name="TraderArea" value="False" />
  <property name="PrefabSize" value="77, 32, 108" />
  <property name="RotationToFaceNorth" value="2" />
  <property name="Zoning" value="none" />
  <property name="YOffset" value="-12" />
  <property name="SleeperVolumeSize" value="23, 3, 21#18, 6, 17#29, 6, 16#14, 4, 4#9, 5, 5#11, 9, 18#23, 6, 16#19, 3, 12#22, 3, 18#13, 5, 16#14, 4, 9#19, 4, 7#10, 5, 6#10, 3, 8#6, 6, 7#7, 4, 6#8, 4, 6#8, 3, 6#7, 3, 5#8, 7, 8#24, 4, 19#12, 4, 10#8, 4, 13#3, 5, 2#6, 3, 4#21, 4, 15#14, 5, 14#14, 5, 9#16, 5, 8#6, 3, 2" />
  <property name="SleeperVolumeStart" value="49, 12, 23#49, 12, 5#43, 11, 46#40, 12, 66#39, 12, 39#17, 12, 45#18, 12, 19#22, 12, 5#18, 19, 18#29, 12, 46#11, 12, 73#8, 12, 83#8, 1, 84#18, 1, 83#22, 5, 83#23, 12, 99#13, 7, 84#14, 1, 76#20, 1, 65#9, 1, 64#34, 18, 84#45, 13, 86#36, 13, 85#36, 13, 98#53, 13, 97#36, 8, 86#54, 1, 18#54, 1, 9#53, 1, 1#29, 3, 9" />
  <property name="SleeperVolumeGroupId" value="0,0,0,0,0,0,0,0,0,0,0,0,0,0,0,0,0,0,0,0,0,0,0,0,0,0,0,0,0,0" />
  <property name="SleeperVolumeGroup" value="GroupZomBadass,13,13,zombieBikerFeral,3,4,GroupZomBadassOnly,9,10,GroupZomPoliceCarHorde,6,7,animalZombieDog,6,7,zombieSoldierRadiated,9,10,zombieUtilityWorkerRadiated,14,14,animalZombieDog,7,8,zombieBikerFeral,6,7,zombieFatCopRadiated,7,8,GroupSpecialInfected,8,9,animalZombieDog,7,8,zombieBikerFeral,6,7,zombieScreamerFeral,11,11,zombieSoldierFeral,5,6,animalBossGrace,1,1,zombieSoldierRadiated,8,9,zombieFatCopRadiated,6,7,zombieMutatedFeral,3,4,zombieDemolition,13,13,GroupZomPoliceCarHorde,14,14,GroupZomBadassOnly,7,8,zombieJanitorRadiated,6,7,zombieMoeRadiated,1,2,zombieWightRadiated,1,2,zombieUtilityWorkerRadiated,11,11,GroupZomBadassOnly,12,12,zombieSoldierFeral,8,9,zombieMaleHazmatFeral,6,7,animalDireWolf,1,1" />
  <property name="SleeperIsLootVolume" value="False,False,False,False,False,False,False,False,False,False,False,False,False,False,False,False,False,False,False,False,False,False,False,False,False,False,False,False,False,False" />
  <property name="SleeperIsQuestExclude" value="False,False,False,False,False,False,False,False,False,False,False,False,False,False,False,False,False,False,False,False,False,False,False,False,False,False,False,False,False,False" />
  <property name="SleeperVolumeFlags" value="2,2,2,4,2,2,3,2,2,2,2,2,0,3,2,2,2,2,2,2,2,2,2,3,2,2,2,2,2,2" />
  <property name="SleeperVolumeTriggeredBy" value=" # # # # # #12# # # # # # #17# # # # # # # # # #14# # # # # # " />
  <property name="QuestTags" value="clear, fetch, restore_power, infested" />
  <property name="Tags" value="wilderness, wildernesspoi" />
  <property name="POIMarkerSize" value="1, 1, 9" />
  <property name="POIMarkerStart" value="0, 11, 49" />
  <property name="POIMarkerGroup" value="ROADEXIT" />
  <property name="POIMarkerTags" value="" />
  <property name="POIMarkerType" value="RoadExit" />
  <property name="POIMarkerPartToSpawn" value="" />
  <property name="POIMarkerPartRotations" value="1" />
  <property name="POIMarkerPartSpawnChance" value="1" />
  <property class="IndexedBlockOffsets">
    <property class="challenge_sinks">
      <property name="0" value="54, 13, 102" />
    </property>
    <property class="challenge_polymers">
      <property name="0" value="70, 12, 59" />
      <property name="1" value="70, 12, 60" />
      <property name="2" value="71, 12, 60" />
    </property>
    <property class="POILight">
      <property name="0" value="71, 19, 66" />
    </property>
    <property class="TraderOnOff">
      <property name="0" value="70, 17, 65" />
    </property>
    <property class="challenge_pallet">
      <property name="0" value="63, 13, 75" />
    </property>
    <property class="challenge_mech_parts">
      <property name="0" value="54, 13, 94" />
    </property>
    <property class="quest_feather">
      <property name="0" value="57, 19, 99" />
    </property>
    <property class="challenge_steel">
      <property name="0" value="36, 8, 96" />
    </property>
    <property class="Rally">
      <property name="0" value="13, 12, 57" />
    </property>
    <property class="challenge_gore">
      <property name="0" value="73, 12, 53" />
    </property>
    <property class="FetchContainer">
      <property name="0" value="47, 19, 91" />
    </property>
    <property class="challenge_elec_parts">
      <property name="0" value="55, 12, 102" />
    </property>
    <property class="QuestRestorePower">
      <property name="0" value="46, 13, 26" />
    </property>
    <property class="challenge_cars">
      <property name="0" value="71, 12, 93" />
    </property>
  </property>
  <property class="Stats">
    <property name="TotalVertices" value="2936665" />
    <property name="TotalTriangles" value="1116852" />
    <property class="BlockEntities">
      <property name="Vertices" value="2641951" />
      <property name="Triangles" value="910164" />
    </property>
    <property class="ChunkMeshes0">
      <property name="Vertices" value="259912" />
      <property name="Triangles" value="153762" />
    </property>
    <property class="ChunkMeshes1">
      <property name="Vertices" value="1408" />
      <property name="Triangles" value="704" />
    </property>
    <property class="ChunkMeshes2">
      <property name="Vertices" value="2076" />
      <property name="Triangles" value="1054" />
    </property>
    <property class="ChunkMeshes3">
      <property name="Vertices" value="440" />
      <property name="Triangles" value="220" />
    </property>
    <property class="ChunkMeshes4">
      <property name="Vertices" value="0" />
      <property name="Triangles" value="0" />
    </property>
    <property class="ChunkMeshes5">
      <property name="Vertices" value="30878" />
      <property name="Triangles" value="50948" />
    </property>
  </property>
</prefab>