﻿<?xml version="1.0" encoding="UTF-8"?>
<prefab>
  <property name="CopyAirBlocks" value="True" />
  <property name="ExcludeDistantPOIMesh" value="False" />
  <property name="ExcludePOICulling" value="False" />
  <property name="DistantPOIYOffset" value="0" />
  <property name="AllowTopSoilDecorations" value="False" />
  <property name="DifficultyTier" value="1" />
  <property name="QuestTags" value="clear, fetch, infested" />
  <property name="ShowQuestClearCount" value="1" />
  <property name="TraderArea" value="False" />
  <property name="PrefabSize" value="42, 17, 42" />
  <property name="RotationToFaceNorth" value="2" />
  <property name="Zoning" value="none" />
  <property name="SleeperVolumeSize" value="8, 1, 9#3, 2, 4#4, 1, 4#7, 2, 3#3, 3, 2#5, 1, 3#9, 3, 6#5, 3, 4#19, 3, 14#4, 3, 3#8, 3, 9" />
  <property name="SleeperVolumeStart" value="10, 12, 25#5, 5, 24#22, 12, 27#17, 12, 36#9, 6, 32#11, 10, 33#10, 6, 24#26, 5, 34#9, 1, 24#9, 5, 35#21, 6, 23" />
  <property name="SleeperVolumeGroupId" value="100,100,200,200,300,300,0,0,0,0,0" />
  <property name="SleeperVolumeGroup" value="GroupGenericZombie,1,2,GroupGenericZombie,0,0,animalZombieVulture,1,2,animalZombieVulture,0,0,ZomUtilityWorker,1,1,ZomUtilityWorker,0,0,zombieMoe,1,1,zombieScreamer,1,1,ZomUtilityWorker,3,4,zombieJanitor,1,2,zombiePartyGirl,1,2" />
  <property name="SleeperIsLootVolume" value="False,False,False,False,False,False,False,False,False,False,False" />
  <property name="SleeperIsQuestExclude" value="False,False,False,False,False,False,False,False,False,False,False" />
  <property name="SleeperVolumeFlags" value="2,2,2,2,2,2,2,2,2,2,2" />
  <property name="SleeperVolumeTriggeredBy" value=" # # # # # # # # # # " />
  <property name="YOffset" value="-5" />
  <property name="Tags" value="countrytown, gateway, nodiagonal" />
  <property name="POIMarkerSize" value="41, 13, 2" />
  <property name="POIMarkerStart" value="0, 4, 0" />
  <property name="POIMarkerGroup" value="driveway" />
  <property name="POIMarkerTags" value="countrytown" />
  <property name="POIMarkerType" value="PartSpawn" />
  <property name="POIMarkerPartToSpawn" value="part_driveway_countrytown_21" />
  <property name="POIMarkerPartRotations" value="2" />
  <property name="POIMarkerPartSpawnChance" value="1" />
  <property class="IndexedBlockOffsets">
    <property class="challenge_cars">
      <property name="0" value="23, 1, 26" />
      <property name="1" value="27, 1, 26" />
    </property>
    <property class="POILight">
      <property name="0" value="23, 8, 37" />
      <property name="1" value="25, 3, 37" />
      <property name="2" value="23, 8, 39" />
    </property>
    <property class="Rally">
      <property name="0" value="6, 5, 22" />
    </property>
    <property class="FetchContainer">
      <property name="0" value="10, 4, 23" />
      <property name="1" value="20, 12, 28" />
    </property>
    <property class="challenge_elec_parts">
      <property name="0" value="28, 5, 39" />
    </property>
    <property class="challenge_sinks">
      <property name="0" value="26, 6, 37" />
      <property name="1" value="29, 6, 37" />
      <property name="2" value="27, 6, 39" />
    </property>
    <property class="challenge_polymers">
      <property name="0" value="23, 6, 37" />
    </property>
    <property class="quest_feather">
      <property name="0" value="22, 12, 23" />
      <property name="1" value="25, 12, 31" />
      <property name="2" value="30, 12, 36" />
    </property>
    <property class="challenge_mech_parts">
      <property name="0" value="25, 6, 23" />
      <property name="1" value="26, 6, 23" />
      <property name="2" value="27, 6, 31" />
      <property name="3" value="21, 1, 33" />
    </property>
    <property class="challenge_steel">
      <property name="0" value="9, 1, 33" />
    </property>
    <property class="challenge_pallet">
      <property name="0" value="36, 6, 12" />
    </property>
    <property class="TraderOnOff">
      <property name="0" value="25, 9, 23" />
      <property name="1" value="27, 6, 33" />
    </property>
  </property>
  <property class="Stats">
    <property name="LightsVolume" value="8348.259" />
    <property name="TotalVertices" value="532860" />
    <property name="TotalTriangles" value="195413" />
    <property class="BlockEntities">
      <property name="Vertices" value="503267" />
      <property name="Triangles" value="174633" />
    </property>
    <property class="ChunkMeshes0">
      <property name="Vertices" value="24849" />
      <property name="Triangles" value="13128" />
    </property>
    <property class="ChunkMeshes1">
      <property name="Vertices" value="0" />
      <property name="Triangles" value="0" />
    </property>
    <property class="ChunkMeshes2">
      <property name="Vertices" value="0" />
      <property name="Triangles" value="0" />
    </property>
    <property class="ChunkMeshes3">
      <property name="Vertices" value="0" />
      <property name="Triangles" value="0" />
    </property>
    <property class="ChunkMeshes4">
      <property name="Vertices" value="0" />
      <property name="Triangles" value="0" />
    </property>
    <property class="ChunkMeshes5">
      <property name="Vertices" value="4744" />
      <property name="Triangles" value="7652" />
    </property>
  </property>
</prefab>