﻿<?xml version="1.0" encoding="UTF-8"?>
<prefab>
  <property name="CopyAirBlocks" value="True" />
  <property name="ExcludeDistantPOIMesh" value="False" />
  <property name="ExcludePOICulling" value="False" />
  <property name="DistantPOIYOffset" value="0" />
  <property name="AllowTopSoilDecorations" value="False" />
  <property name="DifficultyTier" value="5" />
  <property name="QuestTags" value="clear, fetch" />
  <property name="ShowQuestClearCount" value="1" />
  <property name="TraderArea" value="False" />
  <property name="PrefabSize" value="72, 35, 48" />
  <property name="RotationToFaceNorth" value="2" />
  <property name="Zoning" value="none, any" />
  <property name="SleeperVolumeSize" value="5, 3, 9#5, 3, 8#8, 3, 8#12, 3, 8#5, 9, 4#9, 3, 3#12, 3, 12#7, 3, 4#7, 3, 16#6, 3, 16#4, 3, 6#4, 3, 6#7, 3, 5#8, 3, 5#8, 3, 7#5, 3, 4#5, 3, 3#13, 3, 12#8, 3, 14#10, 3, 12#19, 3, 11#12, 3, 8#7, 3, 9#15, 3, 19#19, 3, 12#15, 3, 25#20, 3, 12#24, 4, 7#7, 20, 5#13, 6, 11#6, 3, 20#21, 5, 25#16, 3, 7#11, 3, 7#10, 4, 18#4, 4, 12#12, 6, 12#18, 3, 27#8, 9, 9#11, 3, 11#17, 3, 18#13, 3, 16#11, 3, 13#27, 3, 9#19, 3, 14#10, 3, 8#8, 3, 8#15, 2, 19#8, 3, 10#13, 4, 13#6, 4, 6#6, 3, 10#25, 3, 6" />
  <property name="SleeperVolumeStart" value="9, 1, 12#14, 1, 4#20, 1, 4#15, 1, 14#9, 0, 27#9, 1, 24#15, 1, 32#14, 6, 23#21, 6, 26#15, 6, 28#10, 6, 33#15, 6, 17#20, 6, 18#19, 6, 12#19, 6, 4#10, 6, 13#10, 6, 19#14, 11, 5#19, 11, 17#9, 11, 18#9, 11, 31#16, 15, 5#10, 15, 5#9, 15, 15#9, 15, 35#28, 14, 12#33, 15, 37#44, 13, 4#33, -1, 5#55, -1, 38#62, 1, 15#39, 0, 11#38, 1, 37#27, 1, 37#28, 1, 17#29, 1, 4#38, 4, 32#50, 10, 16#3, 21, 21#35, 22, 23#18, 22, 16#55, 21, 14#56, 21, 30#30, 21, 35#4, 21, 6#44, 27, 15#44, 21, 7#25, 28, 16#3, 32, 20#4, 21, 30#61, 26, 22#47, 22, 24#43, 9, 4" />
  <property name="SleeperVolumeGroupId" value="0,0,0,0,0,0,0,0,0,0,0,0,0,0,0,0,0,0,0,0,0,0,0,0,0,0,0,0,0,0,0,0,0,0,0,0,0,0,0,0,0,0,0,0,0,100,100,0,0,0,0,0,0" />
  <property name="SleeperVolumeGroup" value="zombieSoldierRadiated,1,2,GroupZomSoldier,3,4,GroupZomSoldier,2,3,animalZombieDog,1,2,zombieWightFeral,2,3,zombieWightFeral,1,2,GroupZomSoldier,5,6,ZomHazMatOnly,1,2,GroupZomSoldier,6,7,GroupZomBadass,1,2,GroupZomSoldier,1,2,GroupZomSoldier,1,2,GroupSpecialInfected,1,2,GroupZomSoldier,2,3,GroupZomBadass,2,3,GroupZomSoldier,1,2,animalZombieDog,1,2,GroupZomSoldier,6,7,ZomHazMatOnly,5,6,GroupLabWorker,4,5,GroupSpecialInfected,5,6,ZomFatCops,4,5,ZomFatCops,1,2,GroupSpecialInfected,9,10,GroupLabWorker,4,5,ZomJanitorOnly,7,8,GroupZomSoldier,4,5,zombieLumberjackFeral,6,7,GroupZomPoliceCarHorde,16,16,zombieWightRadiated,11,11,zombieUtilityWorkerRadiated,7,7,zombieDemolition,16,16,zombieFatCopFeral,3,4,zombieFatCopRadiated,2,2,zombieBikerFeral,6,7,zombieSoldierFeral,2,2,GroupZomSoldier,4,5,GroupZomSoldier,19,19,GroupZomSoldier,5,6,GroupZomSoldier,5,6,GroupZomSoldier,7,8,animalZombieDog,5,6,GroupZomSoldier,3,4,GroupZomSoldier,7,8,GroupZomSoldier,6,7,animalZombieVultureRadiated,10,10,animalZombieVultureRadiated,0,0,zombieMaleHazmatFeral,4,4,zombieMutatedFeral,1,2,zombieDemolition,2,3,zombieSoldierFeral,1,2,zombieWightRadiated,2,2,zombieUtilityWorkerFeral,4,5" />
  <property name="SleeperIsLootVolume" value="False,False,False,False,False,False,False,False,False,False,False,False,False,False,False,False,False,False,False,False,False,False,False,False,False,False,False,False,False,False,False,False,False,False,False,False,False,False,False,False,False,False,False,False,False,False,False,False,False,False,False,False,False" />
  <property name="SleeperIsQuestExclude" value="False,False,False,False,False,False,False,False,False,False,False,False,False,False,False,False,False,False,False,False,False,False,False,False,False,False,False,False,False,False,False,False,False,False,False,False,False,False,False,False,False,False,False,False,False,False,False,False,False,False,False,False,False" />
  <property name="SleeperVolumeFlags" value="2,2,2,2,2,2,2,2,2,2,2,2,2,2,2,2,2,2,0,0,2,2,2,2,2,2,2,2,2,3,2,2,2,2,2,2,2,2,2,2,2,2,2,2,2,2,2,2,2,2,2,2,2" />
  <property name="YOffset" value="-21" />
  <property name="Tags" value="wilderness" />
  <property name="EditorGroups" value="Wilderness" />
  <property name="SleeperVolumeTriggeredBy" value=" # # # # # # # # # # # # # # # # # # # # # # # # # # # # #10# # # # # # # # # # # # # # # # # # # # # # # " />
  <property name="POIMarkerSize" value="5, -1, 3" />
  <property name="POIMarkerStart" value="62, 21, 0" />
  <property name="POIMarkerGroup" value="roadexit" />
  <property name="POIMarkerTags" value="" />
  <property name="POIMarkerType" value="RoadExit" />
  <property name="POIMarkerPartToSpawn" value="" />
  <property name="POIMarkerPartRotations" value="2" />
  <property name="POIMarkerPartSpawnChance" value="1" />
  <property class="IndexedBlockOffsets">
    <property class="challenge_gore">
      <property name="0" value="60, 1, 40" />
    </property>
    <property class="POILight">
      <property name="0" value="63, 30, 24" />
      <property name="1" value="65, 30, 24" />
      <property name="2" value="64, 24, 25" />
      <property name="3" value="61, 4, 26" />
      <property name="4" value="56, 8, 27" />
      <property name="5" value="64, 8, 27" />
      <property name="6" value="61, 4, 31" />
      <property name="7" value="54, 8, 32" />
      <property name="8" value="59, 8, 32" />
      <property name="9" value="64, 8, 32" />
      <property name="10" value="54, 8, 34" />
      <property name="11" value="59, 8, 34" />
    </property>
    <property class="challenge_polymers">
      <property name="0" value="54, 1, 40" />
      <property name="1" value="55, 1, 40" />
      <property name="2" value="59, 21, 40" />
    </property>
    <property class="TraderOnOff">
      <property name="0" value="60, 21, 25" />
      <property name="1" value="64, 32, 25" />
      <property name="2" value="61, 3, 31" />
      <property name="3" value="54, 3, 35" />
      <property name="4" value="56, 21, 38" />
    </property>
    <property class="quest_wood_trees">
      <property name="0" value="58, 21, 42" />
    </property>
    <property class="challenge_sinks">
      <property name="0" value="54, 22, 28" />
    </property>
    <property class="challenge_mech_parts">
      <property name="0" value="37, 14, 24" />
      <property name="1" value="47, 22, 26" />
      <property name="2" value="51, 22, 26" />
      <property name="3" value="48, 22, 28" />
      <property name="4" value="51, 22, 29" />
      <property name="5" value="48, 22, 32" />
    </property>
    <property class="quest_wood">
      <property name="0" value="59, 21, 27" />
      <property name="1" value="59, 21, 28" />
      <property name="2" value="59, 21, 29" />
      <property name="3" value="59, 21, 30" />
      <property name="4" value="60, 21, 30" />
      <property name="5" value="61, 21, 30" />
      <property name="6" value="62, 21, 30" />
    </property>
    <property class="quest_feather">
      <property name="0" value="48, 28, 31" />
    </property>
    <property class="challenge_elec_parts">
      <property name="0" value="54, 21, 28" />
    </property>
    <property class="challenge_steel">
      <property name="0" value="53, 15, 40" />
      <property name="1" value="67, 2, 40" />
      <property name="2" value="67, 2, 41" />
    </property>
    <property class="FetchContainer">
      <property name="0" value="46, 14, 23" />
    </property>
    <property class="challenge_cars">
      <property name="0" value="52, 10, 27" />
      <property name="1" value="53, 1, 28" />
      <property name="2" value="57, 1, 28" />
      <property name="3" value="52, 10, 31" />
    </property>
    <property class="challenge_leather">
      <property name="0" value="46, 14, 8" />
    </property>
    <property class="challenge_pallet">
      <property name="0" value="40, 15, 25" />
      <property name="1" value="40, 15, 26" />
      <property name="2" value="40, 14, 28" />
      <property name="3" value="40, 14, 29" />
      <property name="4" value="40, 15, 29" />
      <property name="5" value="40, 14, 30" />
      <property name="6" value="40, 15, 30" />
    </property>
    <property class="Rally">
      <property name="0" value="68, 21, 2" />
    </property>
  </property>
  <property class="Stats">
    <property name="TotalVertices" value="4592256" />
    <property name="TotalTriangles" value="2038495" />
    <property class="BlockEntities">
      <property name="Vertices" value="3999572" />
      <property name="Triangles" value="1695267" />
    </property>
    <property class="ChunkMeshes0">
      <property name="Vertices" value="562496" />
      <property name="Triangles" value="304178" />
    </property>
    <property class="ChunkMeshes1">
      <property name="Vertices" value="640" />
      <property name="Triangles" value="320" />
    </property>
    <property class="ChunkMeshes2">
      <property name="Vertices" value="7880" />
      <property name="Triangles" value="3938" />
    </property>
    <property class="ChunkMeshes3">
      <property name="Vertices" value="0" />
      <property name="Triangles" value="0" />
    </property>
    <property class="ChunkMeshes4">
      <property name="Vertices" value="0" />
      <property name="Triangles" value="0" />
    </property>
    <property class="ChunkMeshes5">
      <property name="Vertices" value="21668" />
      <property name="Triangles" value="34792" />
    </property>
  </property>
</prefab>