﻿<?xml version="1.0" encoding="UTF-8"?>
<prefab>
  <property name="CopyAirBlocks" value="True" />
  <property name="ExcludeDistantPOIMesh" value="False" />
  <property name="ExcludePOICulling" value="False" />
  <property name="DistantPOIYOffset" value="0" />
  <property name="AllowTopSoilDecorations" value="False" />
  <property name="DifficultyTier" value="1" />
  <property name="QuestTags" value="clear, fetch" />
  <property name="ShowQuestClearCount" value="1" />
  <property name="TraderArea" value="False" />
  <property name="PrefabSize" value="42, 21, 42" />
  <property name="RotationToFaceNorth" value="1" />
  <property name="Zoning" value="none, ResdentialOld, Residential, ResidentialNew, ResidentialOld" />
  <property name="SleeperVolumeSize" value="14, 3, 9#8, 6, 16#1, 2, 10#2, 3, 9#3, 3, 15#13, 3, 10" />
  <property name="SleeperVolumeStart" value="13, 1, 23#16, 7, 13#20, 15, 16#13, 7, 18#25, 7, 13#14, 1, 11" />
  <property name="SleeperVolumeGroupId" value="0,0,100,100,100,0" />
  <property name="SleeperVolumeGroup" value="GroupAbandonedHouse,2,2,GroupAbandonedHouse,4,5,animalZombieVulture,3,3,animalZombieVulture,0,0,animalZombieVulture,0,0,GroupGenericZombie,4,5" />
  <property name="SleeperIsLootVolume" value="False,False,False,False,False,False" />
  <property name="SleeperIsQuestExclude" value="False,False,False,False,False,False" />
  <property name="SleeperVolumeFlags" value="2,2,2,2,2,2" />
  <property name="YOffset" value="-1" />
  <property name="Tags" value="countrytown, countryresidential, residential" />
  <property name="SleeperVolumeTriggeredBy" value=" # # # # # " />
  <property class="Stats">
    <property name="TotalVertices" value="358168" />
    <property name="TotalTriangles" value="170475" />
    <property class="BlockEntities">
      <property name="Vertices" value="317100" />
      <property name="Triangles" value="142275" />
    </property>
    <property class="ChunkMeshes0">
      <property name="Vertices" value="35774" />
      <property name="Triangles" value="20520" />
    </property>
    <property class="ChunkMeshes1">
      <property name="Vertices" value="0" />
      <property name="Triangles" value="0" />
    </property>
    <property class="ChunkMeshes2">
      <property name="Vertices" value="584" />
      <property name="Triangles" value="292" />
    </property>
    <property class="ChunkMeshes3">
      <property name="Vertices" value="0" />
      <property name="Triangles" value="0" />
    </property>
    <property class="ChunkMeshes4">
      <property name="Vertices" value="0" />
      <property name="Triangles" value="0" />
    </property>
    <property class="ChunkMeshes5">
      <property name="Vertices" value="4710" />
      <property name="Triangles" value="7388" />
    </property>
  </property>
  <property class="IndexedBlockOffsets">
    <property class="quest_wood_trees">
      <property name="0" value="7, 1, 29" />
      <property name="1" value="6, 1, 35" />
    </property>
    <property class="TraderOnOff">
      <property name="0" value="21, 2, 12" />
      <property name="1" value="22, 7, 17" />
      <property name="2" value="24, 7, 20" />
      <property name="3" value="27, 1, 20" />
    </property>
    <property class="challenge_polymers">
      <property name="0" value="30, 1, 21" />
      <property name="1" value="26, 7, 25" />
      <property name="2" value="28, 1, 31" />
    </property>
    <property class="challenge_sinks">
      <property name="0" value="25, 1, 22" />
    </property>
    <property class="challenge_steel">
      <property name="0" value="19, 11, 15" />
    </property>
    <property class="FetchContainer">
      <property name="0" value="18, 11, 16" />
    </property>
    <property class="POILight">
      <property name="0" value="22, 5, 21" />
      <property name="1" value="23, 2, 23" />
    </property>
    <property class="quest_feather">
      <property name="0" value="20, 16, 24" />
    </property>
    <property class="challenge_leather">
      <property name="0" value="26, 1, 22" />
    </property>
    <property class="challenge_stump">
      <property name="0" value="9, 1, 34" />
    </property>
    <property class="challenge_cars">
      <property name="0" value="34, 1, 16" />
    </property>
    <property class="Rally">
      <property name="0" value="32, 1, 21" />
    </property>
    <property class="challenge_mech_parts">
      <property name="0" value="22, 1, 24" />
    </property>
  </property>
</prefab>