﻿<?xml version="1.0" encoding="UTF-8"?>
<prefab>
  <property name="CopyAirBlocks" value="True" />
  <property name="ExcludeDistantPOIMesh" value="False" />
  <property name="ExcludePOICulling" value="False" />
  <property name="DistantPOIYOffset" value="0" />
  <property name="AllowTopSoilDecorations" value="False" />
  <property name="DifficultyTier" value="5" />
  <property name="QuestTags" value="clear, fetch, infested" />
  <property name="ShowQuestClearCount" value="1" />
  <property name="TraderArea" value="False" />
  <property name="PrefabSize" value="100, 34, 100" />
  <property name="RotationToFaceNorth" value="0" />
  <property name="Zoning" value="none" />
  <property name="YOffset" value="-1" />
  <property name="Tags" value="wilderness" />
  <property name="POIMarkerSize" value="8, -1, 1" />
  <property name="POIMarkerStart" value="42, 1, 99" />
  <property name="POIMarkerGroup" value="ROADEXIT" />
  <property name="POIMarkerTags" value="" />
  <property name="POIMarkerType" value="RoadExit" />
  <property name="POIMarkerPartToSpawn" value="" />
  <property name="POIMarkerPartRotations" value="0" />
  <property name="POIMarkerPartSpawnChance" value="1" />
  <property name="SleeperVolumeSize" value="22, 3, 9#13, 4, 5#3, 3, 5#6, 3, 6#4, 3, 10#7, 8, 8#9, 7, 13#10, 3, 6#9, 10, 6#11, 3, 9#9, 6, 10#3, 3, 7#9, 2, 6#11, 5, 9#7, 3, 10#10, 6, 10#8, 4, 17#3, 2, 3#3, 1, 5#9, 5, 10#11, 4, 10#1, 2, 7#1, 2, 7#8, 1, 6#3, 2, 3#5, 2, 4" />
  <property name="SleeperVolumeStart" value="40, 1, 54#50, 1, 48#52, 8, 38#43, 8, 36#63, 8, 43#64, 9, 34#64, 1, 42#63, 1, 57#64, 5, 55#40, 5, 54#40, 6, 43#35, 6, 52#30, 6, 36#63, 22, 55#30, 1, 32#53, 1, 32#31, 1, 44#30, 6, 50#49, 1, 26#30, 9, 32#29, 22, 31#37, 17, 45#65, 18, 44#50, 31, 45#33, 29, 35#56, 23, 46" />
  <property name="SleeperVolumeGroupId" value="0,0,0,0,0,0,0,0,0,0,0,0,0,0,0,0,0,0,0,0,0,0,0,0,0,0" />
  <property name="SleeperVolumeGroup" value="GroupAllRadiated,7,8,zombieSteveCrawlerFeral,1,1,zombieSkateboarderCharged,1,2,GroupAllRadiated,1,2,GroupAllRadiated,1,2,GroupAllCharged,8,9,GroupSpecialInfected,5,6,GroupAllInfernal,1,2,GroupAllRadiated,5,6,GroupAllRadiated,4,5,zombieScreamerCharged,4,5,GroupAllRadiated,6,7,animalZombieDog,2,3,GroupAllRadiated,4,5,GroupAllRadiated,4,5,GroupZomBadassOnly,5,6,GroupAllFeral,5,6,GroupAllRadiated,5,6,GroupAllRadiated,5,6,zombieLabFeralGroup,4,5,GroupSpecialInfected,4,5,GroupAllInfernal,6,7,GroupAllInfernal,6,7,animalZombieVulture,6,7,zombiePlagueSpitterInfernal,1,1,zombieFrostclawInfernal,5,6" />
  <property name="SleeperIsLootVolume" value="False,False,False,False,False,False,False,False,False,False,False,False,False,False,False,False,False,False,False,False,False,False,False,False,False,False" />
  <property name="SleeperIsQuestExclude" value="False,False,False,False,False,False,False,False,False,False,False,False,False,False,False,False,False,False,False,False,False,False,False,False,False,False" />
  <property name="SleeperVolumeFlags" value="2,0,2,2,2,2,2,2,2,2,2,2,2,2,2,2,2,3,3,2,2,3,3,3,3,3" />
  <property name="SleeperVolumeTriggeredBy" value=" # # # # # # # # # # # # # # # # #14#11# # #18#19#19#18#20" />
  <property class="IndexedBlockOffsets">
    <property class="quest_wood_trees">
      <property name="0" value="86, 1, 83" />
    </property>
    <property class="POILight">
      <property name="0" value="89, 8, 11" />
    </property>
    <property class="challenge_mech_parts">
      <property name="0" value="71, 1, 53" />
      <property name="1" value="70, 12, 54" />
      <property name="2" value="68, 1, 57" />
      <property name="3" value="71, 1, 58" />
      <property name="4" value="67, 1, 61" />
      <property name="5" value="69, 1, 61" />
      <property name="6" value="71, 1, 61" />
    </property>
    <property class="challenge_cars">
      <property name="0" value="56, 1, 91" />
    </property>
    <property class="challenge_pallet">
      <property name="0" value="70, 18, 36" />
    </property>
    <property class="challenge_polymers">
      <property name="0" value="88, 6, 12" />
    </property>
    <property class="QuestRestorePower">
      <property name="0" value="34, 28, 33" />
    </property>
    <property class="challenge_sinks">
      <property name="0" value="72, 1, 50" />
      <property name="1" value="72, 2, 50" />
      <property name="2" value="72, 1, 51" />
      <property name="3" value="72, 2, 51" />
      <property name="4" value="66, 11, 54" />
      <property name="5" value="68, 11, 54" />
      <property name="6" value="67, 1, 55" />
      <property name="7" value="72, 2, 55" />
      <property name="8" value="68, 30, 57" />
      <property name="9" value="71, 30, 57" />
      <property name="10" value="66, 11, 60" />
      <property name="11" value="68, 11, 60" />
      <property name="12" value="68, 30, 60" />
      <property name="13" value="70, 11, 60" />
      <property name="14" value="71, 1, 60" />
      <property name="15" value="71, 30, 60" />
      <property name="16" value="68, 1, 61" />
      <property name="17" value="72, 1, 62" />
    </property>
    <property class="challenge_elec_parts">
      <property name="0" value="35, 28, 39" />
    </property>
    <property class="challenge_gore">
      <property name="0" value="55, 1, 50" />
      <property name="1" value="56, 31, 50" />
      <property name="2" value="61, 1, 50" />
      <property name="3" value="53, 31, 51" />
      <property name="4" value="55, 31, 51" />
      <property name="5" value="62, 1, 51" />
    </property>
    <property class="challenge_leather">
      <property name="0" value="70, 1, 61" />
    </property>
    <property class="TraderOnOff">
      <property name="0" value="88, 6, 10" />
    </property>
    <property class="quest_feather">
      <property name="0" value="71, 28, 62" />
    </property>
    <property class="challenge_steel">
      <property name="0" value="67, 23, 58" />
    </property>
    <property class="Rally">
      <property name="0" value="46, 1, 96" />
    </property>
    <property class="FetchContainer">
      <property name="0" value="66, 12, 54" />
    </property>
  </property>
  <property class="Stats">
    <property name="LightsVolume" value="446334.7" />
    <property name="TotalVertices" value="3328766" />
    <property name="TotalTriangles" value="1493609" />
    <property class="BlockEntities">
      <property name="Vertices" value="2925501" />
      <property name="Triangles" value="1229077" />
    </property>
    <property class="ChunkMeshes0">
      <property name="Vertices" value="372777" />
      <property name="Triangles" value="220144" />
    </property>
    <property class="ChunkMeshes1">
      <property name="Vertices" value="0" />
      <property name="Triangles" value="0" />
    </property>
    <property class="ChunkMeshes2">
      <property name="Vertices" value="2936" />
      <property name="Triangles" value="1468" />
    </property>
    <property class="ChunkMeshes3">
      <property name="Vertices" value="288" />
      <property name="Triangles" value="144" />
    </property>
    <property class="ChunkMeshes4">
      <property name="Vertices" value="0" />
      <property name="Triangles" value="0" />
    </property>
    <property class="ChunkMeshes5">
      <property name="Vertices" value="27264" />
      <property name="Triangles" value="42776" />
    </property>
  </property>
</prefab>