﻿<?xml version="1.0" encoding="UTF-8"?>
<prefab>
  <property name="CopyAirBlocks" value="True" />
  <property name="ExcludeDistantPOIMesh" value="False" />
  <property name="ExcludePOICulling" value="False" />
  <property name="DistantPOIYOffset" value="0" />
  <property name="AllowTopSoilDecorations" value="False" />
  <property name="DifficultyTier" value="3" />
  <property name="ShowQuestClearCount" value="1" />
  <property name="TraderArea" value="False" />
  <property name="PrefabSize" value="42, 28, 42" />
  <property name="RotationToFaceNorth" value="0" />
  <property name="Zoning" value="none" />
  <property name="YOffset" value="-6" />
  <property name="SleeperVolumeSize" value="13, 4, 9#14, 5, 10#4, 3, 7#8, 4, 4#9, 4, 12#9, 4, 17#6, 4, 12#5, 4, 9#19, 3, 9#7, 4, 21#24, 3, 21" />
  <property name="SleeperVolumeStart" value="17, 6, 21#8, 6, 6#7, 6, 16#8, 6, 24#12, 11, 16#2, 11, 11#14, 1, 6#5, 1, 6#21, 1, 2#7, 1, 19#14, 1, 19" />
  <property name="SleeperVolumeGroupId" value="0,0,0,0,0,0,0,0,0,0,0" />
  <property name="SleeperVolumeGroup" value="GroupZomSoldier,3,4,zombieSoldierFeralGroup,3,4,zombieDemolition,1,2,GroupAbandonedHouse,1,1,zombieSoldierFeralGroup,3,4,zombieBusinessManFeralGroup,3,4,zombieDemolition,2,3,zombieFatCopFeral,3,4,zombieSoldierFeralGroup,5,6,zombieDemolition,1,2,zombieSoldierFeralGroup,7,8" />
  <property name="SleeperIsLootVolume" value="False,False,False,False,False,False,False,False,False,False,False" />
  <property name="SleeperIsQuestExclude" value="False,False,False,False,False,False,False,False,False,False,False" />
  <property name="SleeperVolumeFlags" value="0,2,2,2,2,2,2,2,2,0,0" />
  <property name="SleeperVolumeTriggeredBy" value=" # # # # # # # # # # " />
  <property name="QuestTags" value="clear, fetch, infested" />
  <property name="EditorGroups" value="commercial" />
  <property name="POIMarkerSize" value="23, 13, 2" />
  <property name="POIMarkerStart" value="10, 5, 40" />
  <property name="POIMarkerGroup" value="countrytow" />
  <property name="POIMarkerTags" value="" />
  <property name="POIMarkerType" value="PartSpawn" />
  <property name="POIMarkerPartToSpawn" value="part_driveway_countrytown_20" />
  <property name="POIMarkerPartRotations" value="0" />
  <property name="POIMarkerPartSpawnChance" value="1" />
  <property name="Tags" value="countrytown, gateway, nodiagonal" />
  <property class="IndexedBlockOffsets">
    <property class="challenge_polymers">
      <property name="0" value="21, 1, 21" />
      <property name="1" value="21, 1, 24" />
      <property name="2" value="24, 1, 24" />
      <property name="3" value="21, 1, 27" />
      <property name="4" value="22, 6, 28" />
      <property name="5" value="29, 6, 28" />
      <property name="6" value="27, 6, 30" />
      <property name="7" value="27, 17, 30" />
      <property name="8" value="25, 1, 33" />
      <property name="9" value="21, 6, 35" />
    </property>
    <property class="quest_wood_trees">
      <property name="0" value="2, 6, 2" />
    </property>
    <property class="POILight">
      <property name="0" value="37, 2, 39" />
    </property>
    <property class="quest_feather">
      <property name="0" value="20, 17, 22" />
    </property>
    <property class="TraderOnOff">
      <property name="0" value="22, 10, 21" />
      <property name="1" value="28, 17, 29" />
      <property name="2" value="24, 6, 32" />
      <property name="3" value="27, 6, 32" />
    </property>
    <property class="challenge_sinks">
      <property name="0" value="21, 17, 22" />
      <property name="1" value="22, 17, 22" />
    </property>
    <property class="challenge_steel">
      <property name="0" value="10, 6, 24" />
      <property name="1" value="11, 6, 24" />
    </property>
    <property class="challenge_pallet">
      <property name="0" value="12, 7, 7" />
      <property name="1" value="10, 6, 13" />
    </property>
    <property class="challenge_mech_parts">
      <property name="0" value="23, 6, 17" />
      <property name="1" value="21, 6, 18" />
      <property name="2" value="25, 6, 19" />
    </property>
    <property class="FetchContainer">
      <property name="0" value="22, 1, 28" />
      <property name="1" value="25, 1, 31" />
    </property>
    <property class="Rally">
      <property name="0" value="25, 6, 38" />
    </property>
  </property>
  <property class="Stats">
    <property name="LightsVolume" value="8557.016" />
    <property name="TotalVertices" value="964586" />
    <property name="TotalTriangles" value="367128" />
    <property class="BlockEntities">
      <property name="Vertices" value="861704" />
      <property name="Triangles" value="304855" />
    </property>
    <property class="ChunkMeshes0">
      <property name="Vertices" value="96382" />
      <property name="Triangles" value="54029" />
    </property>
    <property class="ChunkMeshes1">
      <property name="Vertices" value="0" />
      <property name="Triangles" value="0" />
    </property>
    <property class="ChunkMeshes2">
      <property name="Vertices" value="2190" />
      <property name="Triangles" value="1324" />
    </property>
    <property class="ChunkMeshes3">
      <property name="Vertices" value="0" />
      <property name="Triangles" value="0" />
    </property>
    <property class="ChunkMeshes4">
      <property name="Vertices" value="0" />
      <property name="Triangles" value="0" />
    </property>
    <property class="ChunkMeshes5">
      <property name="Vertices" value="4310" />
      <property name="Triangles" value="6920" />
    </property>
  </property>
</prefab>