﻿<?xml version="1.0" encoding="UTF-8"?>
<prefab>
  <property name="CopyAirBlocks" value="True" />
  <property name="ExcludeDistantPOIMesh" value="False" />
  <property name="ExcludePOICulling" value="False" />
  <property name="DistantPOIYOffset" value="0" />
  <property name="AllowTopSoilDecorations" value="False" />
  <property name="DifficultyTier" value="3" />
  <property name="ShowQuestClearCount" value="1" />
  <property name="TraderArea" value="False" />
  <property name="PrefabSize" value="20, 28, 47" />
  <property name="RotationToFaceNorth" value="2" />
  <property name="SleeperVolumeSize" value="11, 5, 12#11, 3, 4" />
  <property name="SleeperVolumeStart" value="6, 1, 32#6, 1, 12" />
  <property name="SleeperVolumeGroupId" value="0,0" />
  <property name="SleeperVolumeGroup" value="GroupGenericZombie,24,25,2GroupBikerBar,6,7" />
  <property name="SleeperIsLootVolume" value="False,False" />
  <property name="SleeperIsQuestExclude" value="False,False" />
  <property name="SleeperVolumeFlags" value="2,3" />
  <property name="YOffset" value="-8" />
  <property name="Zoning" value="none" />
  <property name="SleeperVolumeTriggeredBy" value=" #2" />
  <property name="Tags" value="wilderness" />
  <property name="QuestTags" value="clear, fetch" />
  <property name="POIMarkerSize" value="3, 1, 3" />
  <property name="POIMarkerStart" value="0, 7, 8" />
  <property name="POIMarkerGroup" value="roadexit" />
  <property name="POIMarkerTags" value="" />
  <property name="POIMarkerType" value="RoadExit" />
  <property name="POIMarkerPartToSpawn" value="" />
  <property name="POIMarkerPartRotations" value="1" />
  <property name="POIMarkerPartSpawnChance" value="1" />
  <property class="IndexedBlockOffsets">
    <property class="quest_wood">
      <property name="0" value="18, 8, 7" />
      <property name="1" value="18, 8, 10" />
      <property name="2" value="18, 8, 12" />
      <property name="3" value="15, 8, 13" />
      <property name="4" value="18, 8, 13" />
      <property name="5" value="10, 8, 14" />
      <property name="6" value="13, 8, 15" />
      <property name="7" value="12, 8, 17" />
      <property name="8" value="13, 8, 17" />
      <property name="9" value="14, 8, 17" />
      <property name="10" value="15, 8, 17" />
    </property>
    <property class="challenge_steel">
      <property name="0" value="16, 1, 6" />
    </property>
    <property class="TraderOnOff">
      <property name="0" value="11, 4, 10" />
      <property name="1" value="12, 14, 11" />
      <property name="2" value="11, 1, 16" />
    </property>
    <property class="POILight">
      <property name="0" value="18, 1, 8" />
      <property name="1" value="18, 4, 8" />
      <property name="2" value="12, 16, 9" />
      <property name="3" value="18, 1, 9" />
      <property name="4" value="18, 4, 9" />
      <property name="5" value="18, 1, 10" />
      <property name="6" value="18, 4, 10" />
    </property>
    <property class="Rally">
      <property name="0" value="3, 8, 11" />
    </property>
    <property class="quest_wood_trees">
      <property name="0" value="14, 8, 23" />
    </property>
    <property class="challenge_pallet">
      <property name="0" value="10, 2, 35" />
      <property name="1" value="11, 2, 35" />
      <property name="2" value="12, 2, 35" />
      <property name="3" value="10, 1, 36" />
      <property name="4" value="10, 2, 36" />
      <property name="5" value="10, 3, 36" />
      <property name="6" value="10, 4, 36" />
      <property name="7" value="11, 1, 36" />
      <property name="8" value="11, 2, 36" />
      <property name="9" value="11, 3, 36" />
      <property name="10" value="11, 4, 36" />
      <property name="11" value="12, 3, 36" />
      <property name="12" value="10, 1, 37" />
      <property name="13" value="10, 2, 37" />
      <property name="14" value="10, 3, 37" />
      <property name="15" value="11, 1, 37" />
      <property name="16" value="11, 2, 37" />
    </property>
    <property class="FetchContainer">
      <property name="0" value="16, 1, 43" />
    </property>
    <property class="challenge_polymers">
      <property name="0" value="10, 3, 35" />
      <property name="1" value="11, 3, 35" />
      <property name="2" value="12, 1, 36" />
      <property name="3" value="12, 2, 36" />
      <property name="4" value="12, 4, 36" />
      <property name="5" value="13, 1, 36" />
      <property name="6" value="13, 1, 37" />
    </property>
  </property>
  <property class="Stats">
    <property name="LightsVolume" value="5888.902" />
    <property name="TotalVertices" value="856907" />
    <property name="TotalTriangles" value="371809" />
    <property class="BlockEntities">
      <property name="Vertices" value="753191" />
      <property name="Triangles" value="295759" />
    </property>
    <property class="ChunkMeshes0">
      <property name="Vertices" value="98686" />
      <property name="Triangles" value="68110" />
    </property>
    <property class="ChunkMeshes1">
      <property name="Vertices" value="448" />
      <property name="Triangles" value="224" />
    </property>
    <property class="ChunkMeshes2">
      <property name="Vertices" value="96" />
      <property name="Triangles" value="48" />
    </property>
    <property class="ChunkMeshes3">
      <property name="Vertices" value="0" />
      <property name="Triangles" value="0" />
    </property>
    <property class="ChunkMeshes4">
      <property name="Vertices" value="0" />
      <property name="Triangles" value="0" />
    </property>
    <property class="ChunkMeshes5">
      <property name="Vertices" value="4486" />
      <property name="Triangles" value="7668" />
    </property>
  </property>
</prefab>