﻿<?xml version="1.0" encoding="UTF-8"?>
<prefab>
  <property name="CopyAirBlocks" value="True" />
  <property name="ExcludeDistantPOIMesh" value="False" />
  <property name="ExcludePOICulling" value="False" />
  <property name="DistantPOIYOffset" value="0" />
  <property name="AllowTopSoilDecorations" value="False" />
  <property name="DifficultyTier" value="2" />
  <property name="ShowQuestClearCount" value="1" />
  <property name="TraderArea" value="False" />
  <property name="YOffset" value="-6" />
  <property name="PrefabSize" value="42, 25, 42" />
  <property name="RotationToFaceNorth" value="2" />
  <property name="Zoning" value="none" />
  <property name="SleeperVolumeSize" value="15, 3, 8#15, 3, 9#9, 5, 8#11, 3, 15#10, 2, 10#4, 3, 11#10, 3, 6#10, 3, 8#5, 5, 15#5, 5, 9#10, 3, 17" />
  <property name="SleeperVolumeStart" value="7, 6, 12#7, 1, 12#13, 6, 22#23, 6, 13#30, 6, 29#6, 12, 11#12, 12, 12#12, 12, 22#23, 12, 13#29, 10, 19#23, 18, 12" />
  <property name="SleeperVolumeGroupId" value="0,0,0,0,0,0,0,0,0,0,0" />
  <property name="SleeperVolumeGroup" value="GroupGenericZombie,3,4,zombieUtilityWorker,3,4,GroupGenericZombie,2,3,animalZombieDog,1,2,animalZombieDog,1,2,zombieFemaleFat,1,2,GroupAbandonedHouse,1,2,GroupAbandonedHouse,1,2,GroupGenericZombie,2,3,GroupGenericZombie,2,2,GroupGenericZombie,4,5" />
  <property name="SleeperIsLootVolume" value="False,False,False,False,False,False,False,False,False,False,False" />
  <property name="SleeperIsQuestExclude" value="False,False,False,False,False,False,False,False,False,False,False" />
  <property name="SleeperVolumeFlags" value="2,2,2,2,2,2,2,2,2,2,2" />
  <property name="SleeperVolumeTriggeredBy" value=" # # # # # # # # # # " />
  <property name="Tags" value="countryresidential" />
  <property name="QuestTags" value="clear, fetch" />
  <property class="IndexedBlockOffsets">
    <property class="Rally">
      <property name="0" value="14, 6, 8" />
    </property>
    <property class="challenge_polymers">
      <property name="0" value="23, 13, 23" />
      <property name="1" value="23, 13, 24" />
      <property name="2" value="30, 12, 24" />
      <property name="3" value="23, 13, 25" />
      <property name="4" value="26, 6, 26" />
    </property>
    <property class="quest_wood">
      <property name="0" value="35, 6, 26" />
      <property name="1" value="35, 6, 27" />
      <property name="2" value="23, 6, 29" />
      <property name="3" value="24, 6, 29" />
      <property name="4" value="26, 6, 29" />
      <property name="5" value="27, 6, 29" />
      <property name="6" value="31, 6, 29" />
      <property name="7" value="33, 6, 29" />
      <property name="8" value="34, 6, 29" />
      <property name="9" value="35, 6, 29" />
      <property name="10" value="21, 6, 30" />
    </property>
    <property class="TraderOnOff">
      <property name="0" value="22, 6, 25" />
    </property>
    <property class="POILight">
      <property name="0" value="22, 20, 21" />
      <property name="1" value="22, 20, 22" />
      <property name="2" value="26, 16, 24" />
      <property name="3" value="31, 16, 25" />
      <property name="4" value="32, 16, 25" />
      <property name="5" value="31, 16, 26" />
      <property name="6" value="32, 16, 26" />
      <property name="7" value="27, 20, 23" />
    </property>
    <property class="challenge_sinks">
      <property name="0" value="35, 7, 24" />
      <property name="1" value="36, 6, 24" />
      <property name="2" value="33, 12, 25" />
      <property name="3" value="23, 7, 26" />
      <property name="4" value="30, 12, 26" />
      <property name="5" value="28, 18, 27" />
      <property name="6" value="28, 19, 27" />
      <property name="7" value="21, 12, 28" />
    </property>
    <property class="challenge_gore">
      <property name="0" value="25, 6, 25" />
    </property>
    <property class="challenge_mech_parts">
      <property name="0" value="33, 7, 23" />
      <property name="1" value="30, 6, 27" />
    </property>
    <property class="quest_wood_trees">
      <property name="0" value="7, 6, 33" />
    </property>
    <property class="challenge_steel">
      <property name="0" value="24, 20, 18" />
    </property>
    <property class="FetchContainer">
      <property name="0" value="23, 16, 26" />
      <property name="1" value="29, 19, 27" />
    </property>
    <property class="challenge_pallet">
      <property name="0" value="32, 6, 27" />
    </property>
  </property>
  <property class="Stats">
    <property name="TotalVertices" value="526089" />
    <property name="TotalTriangles" value="217502" />
    <property class="BlockEntities">
      <property name="Vertices" value="437489" />
      <property name="Triangles" value="163131" />
    </property>
    <property class="ChunkMeshes0">
      <property name="Vertices" value="80614" />
      <property name="Triangles" value="43339" />
    </property>
    <property class="ChunkMeshes1">
      <property name="Vertices" value="0" />
      <property name="Triangles" value="0" />
    </property>
    <property class="ChunkMeshes2">
      <property name="Vertices" value="1976" />
      <property name="Triangles" value="1452" />
    </property>
    <property class="ChunkMeshes3">
      <property name="Vertices" value="144" />
      <property name="Triangles" value="72" />
    </property>
    <property class="ChunkMeshes4">
      <property name="Vertices" value="0" />
      <property name="Triangles" value="0" />
    </property>
    <property class="ChunkMeshes5">
      <property name="Vertices" value="5866" />
      <property name="Triangles" value="9508" />
    </property>
  </property>
</prefab>