﻿<?xml version="1.0" encoding="UTF-8"?>
<prefab>
  <property name="CopyAirBlocks" value="True" />
  <property name="ExcludeDistantPOIMesh" value="False" />
  <property name="ExcludePOICulling" value="False" />
  <property name="DistantPOIYOffset" value="0" />
  <property name="AllowTopSoilDecorations" value="False" />
  <property name="DifficultyTier" value="1" />
  <property name="ShowQuestClearCount" value="1" />
  <property name="TraderArea" value="False" />
  <property name="PrefabSize" value="60, 21, 60" />
  <property name="RotationToFaceNorth" value="2" />
  <property name="SleeperVolumeSize" value="15, 10, 15#15, 8, 12#15, 2, 28#17, 8, 10#13, 9, 10" />
  <property name="SleeperVolumeStart" value="8, 1, 20#27, 1, 36#43, 1, 12#25, 1, 9#28, 1, 23" />
  <property name="SleeperVolumeGroupId" value="0,0,0,0,0" />
  <property name="SleeperVolumeGroup" value="animalZombieVulture,3,4,animalZombieVulture,5,6,ZomBurnt,3,4,animalZombieVulture,3,4,2GroupAbandonedHouse,7,8" />
  <property name="SleeperIsLootVolume" value="False,False,False,False,False" />
  <property name="SleeperIsQuestExclude" value="False,False,False,False,False" />
  <property name="SleeperVolumeFlags" value="0,2,0,2,2" />
  <property name="Zoning" value="none" />
  <property name="Tags" value="rural" />
  <property name="SleeperVolumeTriggeredBy" value=" # # # # " />
  <property name="QuestTags" value="clear, fetch" />
  <property name="YOffset" value="-1" />
  <property name="POIMarkerSize" value="7, 13, 3" />
  <property name="POIMarkerStart" value="6, 0, 0" />
  <property name="POIMarkerGroup" value="" />
  <property name="POIMarkerTags" value="" />
  <property name="POIMarkerType" value="PartSpawn" />
  <property name="POIMarkerPartToSpawn" value="part_driveway_rural_15" />
  <property name="POIMarkerPartRotations" value="2" />
  <property name="POIMarkerPartSpawnChance" value="1" />
  <property class="Stats">
    <property name="LightsVolume" value="33677.87" />
    <property name="TotalVertices" value="659852" />
    <property name="TotalTriangles" value="347115" />
    <property class="BlockEntities">
      <property name="Vertices" value="625294" />
      <property name="Triangles" value="316783" />
    </property>
    <property class="ChunkMeshes0">
      <property name="Vertices" value="25672" />
      <property name="Triangles" value="15456" />
    </property>
    <property class="ChunkMeshes1">
      <property name="Vertices" value="0" />
      <property name="Triangles" value="0" />
    </property>
    <property class="ChunkMeshes2">
      <property name="Vertices" value="0" />
      <property name="Triangles" value="0" />
    </property>
    <property class="ChunkMeshes3">
      <property name="Vertices" value="0" />
      <property name="Triangles" value="0" />
    </property>
    <property class="ChunkMeshes4">
      <property name="Vertices" value="0" />
      <property name="Triangles" value="0" />
    </property>
    <property class="ChunkMeshes5">
      <property name="Vertices" value="8886" />
      <property name="Triangles" value="14876" />
    </property>
  </property>
  <property class="IndexedBlockOffsets">
    <property class="Rally">
      <property name="0" value="9, 1, 11" />
    </property>
    <property class="quest_wood_trees">
      <property name="0" value="52, 1, 38" />
      <property name="1" value="49, 1, 40" />
    </property>
    <property class="challenge_gore">
      <property name="0" value="53, 5, 31" />
      <property name="1" value="56, 1, 32" />
    </property>
    <property class="challenge_polymers">
      <property name="0" value="39, 7, 31" />
    </property>
    <property class="FetchContainer">
      <property name="0" value="38, 7, 25" />
      <property name="1" value="34, 2, 27" />
    </property>
  </property>
</prefab>