﻿<?xml version="1.0" encoding="UTF-8"?>
<prefab>
  <property name="CopyAirBlocks" value="True" />
  <property name="ExcludeDistantPOIMesh" value="False" />
  <property name="ExcludePOICulling" value="False" />
  <property name="DistantPOIYOffset" value="0" />
  <property name="AllowTopSoilDecorations" value="False" />
  <property name="DifficultyTier" value="3" />
  <property name="ShowQuestClearCount" value="1" />
  <property name="TraderArea" value="False" />
  <property name="PrefabSize" value="25, 32, 25" />
  <property name="RotationToFaceNorth" value="0" />
  <property name="Zoning" value="none" />
  <property name="Tags" value="downtown" />
  <property name="YOffset" value="-2" />
  <property name="QuestTags" value="clear, fetch, restore_power, infested" />
  <property name="SleeperVolumeSize" value="12, 4, 8#8, 5, 15#12, 4, 6#6, 6, 5#8, 4, 15#6, 5, 6#6, 4, 4#3, 2, 2#7, 8, 13#7, 4, 5#6, 4, 10#7, 6, 6" />
  <property name="SleeperVolumeStart" value="2, 2, 9#16, 2, 2#1, 2, 1#1, 7, 2#16, 10, 2#1, 15, 2#1, 15, 12#12, 15, 9#16, 15, 2#6, 19, 2#1, 20, 6#9, 25, 1" />
  <property name="SleeperVolumeGroupId" value="0,0,0,0,0,0,0,0,0,0,0,0" />
  <property name="SleeperVolumeGroup" value="GroupGenericZombie,1,2,ZomBusinessman,3,4,GroupAbandonedHouse,2,3,zombieUtilityWorkerFeralGroup,1,2,zombieBusinessManFeralGroup,5,6,zombieDemolition,1,2,zombieBowlerFeral,1,2,zombieJanitorFeral,1,1,zombieBusinessManFeralGroup,3,4,GroupAllFeral,1,2,zombieBusinessManFeralGroup,2,3,GroupZomBadass,4,5" />
  <property name="SleeperIsLootVolume" value="False,False,False,False,False,False,False,False,False,False,False,False" />
  <property name="SleeperIsQuestExclude" value="False,False,False,False,False,False,False,False,False,False,False,False" />
  <property name="SleeperVolumeFlags" value="2,2,0,2,2,2,2,2,2,2,2,2" />
  <property name="SleeperVolumeTriggeredBy" value=" # # # # # # # # # # # " />
  <property class="Stats">
    <property name="LightsVolume" value="12708.27" />
    <property name="TotalVertices" value="639366" />
    <property name="TotalTriangles" value="249681" />
    <property class="BlockEntities">
      <property name="Vertices" value="562998" />
      <property name="Triangles" value="205487" />
    </property>
    <property class="ChunkMeshes0">
      <property name="Vertices" value="72992" />
      <property name="Triangles" value="40486" />
    </property>
    <property class="ChunkMeshes1">
      <property name="Vertices" value="0" />
      <property name="Triangles" value="0" />
    </property>
    <property class="ChunkMeshes2">
      <property name="Vertices" value="1754" />
      <property name="Triangles" value="916" />
    </property>
    <property class="ChunkMeshes3">
      <property name="Vertices" value="24" />
      <property name="Triangles" value="12" />
    </property>
    <property class="ChunkMeshes4">
      <property name="Vertices" value="0" />
      <property name="Triangles" value="0" />
    </property>
    <property class="ChunkMeshes5">
      <property name="Vertices" value="1598" />
      <property name="Triangles" value="2780" />
    </property>
  </property>
  <property class="IndexedBlockOffsets">
    <property class="POILight">
      <property name="0" value="14, 18, 12" />
      <property name="1" value="16, 5, 12" />
      <property name="2" value="22, 18, 12" />
      <property name="3" value="23, 13, 12" />
      <property name="4" value="22, 16, 13" />
      <property name="5" value="14, 5, 14" />
      <property name="6" value="16, 13, 14" />
      <property name="7" value="16, 18, 14" />
      <property name="8" value="19, 13, 14" />
      <property name="9" value="19, 18, 14" />
      <property name="10" value="23, 5, 14" />
      <property name="11" value="12, 5, 15" />
      <property name="12" value="20, 13, 16" />
      <property name="13" value="12, 30, 18" />
    </property>
    <property class="challenge_sinks">
      <property name="0" value="19, 27, 4" />
      <property name="1" value="21, 27, 4" />
      <property name="2" value="20, 26, 6" />
      <property name="3" value="20, 27, 6" />
    </property>
    <property class="challenge_mech_parts">
      <property name="0" value="19, 10, 12" />
      <property name="1" value="20, 10, 12" />
      <property name="2" value="17, 15, 13" />
      <property name="3" value="22, 10, 13" />
      <property name="4" value="21, 15, 14" />
      <property name="5" value="19, 10, 15" />
      <property name="6" value="21, 10, 15" />
      <property name="7" value="22, 2, 15" />
    </property>
    <property class="challenge_polymers">
      <property name="0" value="13, 16, 13" />
    </property>
    <property class="TraderOnOff">
      <property name="0" value="14, 2, 12" />
      <property name="1" value="14, 15, 12" />
    </property>
    <property class="FetchContainer">
      <property name="0" value="1, 15, 4" />
      <property name="1" value="8, 9, 11" />
      <property name="2" value="8, 30, 2" />
    </property>
    <property class="QuestRestorePower">
      <property name="0" value="4, 26, 4" />
    </property>
    <property class="challenge_gore">
      <property name="0" value="21, 15, 12" />
    </property>
    <property class="challenge_leather">
      <property name="0" value="4, 2, 17" />
      <property name="1" value="3, 2, 18" />
    </property>
    <property class="quest_wood">
      <property name="0" value="5, 2, 19" />
      <property name="1" value="4, 2, 20" />
      <property name="2" value="3, 2, 21" />
      <property name="3" value="2, 2, 22" />
    </property>
    <property class="Rally">
      <property name="0" value="10, 2, 21" />
    </property>
    <property class="quest_wood_trees">
      <property name="0" value="20, 2, 22" />
    </property>
  </property>
</prefab>