﻿<?xml version="1.0" encoding="UTF-8"?>
<prefab>
  <property name="CopyAirBlocks" value="True" />
  <property name="ExcludeDistantPOIMesh" value="False" />
  <property name="ExcludePOICulling" value="False" />
  <property name="DistantPOIYOffset" value="0" />
  <property name="AllowTopSoilDecorations" value="False" />
  <property name="DifficultyTier" value="4" />
  <property name="ShowQuestClearCount" value="1" />
  <property name="TraderArea" value="False" />
  <property name="PrefabSize" value="50, 26, 50" />
  <property name="RotationToFaceNorth" value="2" />
  <property name="Zoning" value="none" />
  <property name="SleeperVolumeSize" value="6, 4, 11#3, 5, 6#12, 3, 16#9, 4, 8#15, 3, 12#7, 3, 13#4, 2, 4#4, 3, 9#8, 4, 4#5, 3, 7#4, 3, 4#4, 4, 7#7, 3, 6#5, 3, 15#8, 7, 5#6, 8, 11#3, 4, 5#13, 3, 9#10, 2, 8#15, 3, 12#10, 3, 9" />
  <property name="SleeperVolumeStart" value="40, 7, 15#43, 7, 37#29, 7, 31#10, 7, 38#16, 8, 15#32, 8, 14#11, 8, 24#10, 8, 14#11, 11, 24#16, 12, 16#11, 12, 14#42, 7, 27#21, 7, 7#4, 7, 14#27, 12, 14#22, 7, 28#36, 12, 14#27, 12, 19#29, 17, 19#11, 17, 15#14, 1, 17" />
  <property name="SleeperVolumeGroupId" value="0,0,0,100,0,0,0,0,0,0,0,100,100,100,0,0,0,0,0,0,0" />
  <property name="SleeperVolumeGroup" value="zombieLumberjack,2,2,zombieLumberjackRadiated,1,1,zombieLumberjackFeral,2,3,animalZombieBear,1,1,zombieLumberjackFeral,4,5,zombieLumberjackFeral,2,3,zombieLumberjack,1,2,zombieLumberjackFeral,2,3,zombieLumberjackFeral,1,2,zombieLumberjackFeral,3,4,zombieLumberjackRadiated,1,2,animalZombieBear,0,0,animalZombieBear,0,0,animalZombieBear,0,0,zombieLumberjackFeral,5,6,zombieLumberjackFeral,1,2,zombieMutatedFeral,1,1,zombieLumberjackRadiated,6,7,zombieUtilityWorkerFeral,1,2,zombieSpiderRadiated,4,5,zombieLumberjackFeral,15,17" />
  <property name="SleeperIsLootVolume" value="False,False,False,False,False,False,False,False,False,False,False,False,False,False,False,False,False,False,False,False,False" />
  <property name="SleeperIsQuestExclude" value="False,False,False,False,False,False,False,False,False,False,False,False,False,False,False,False,False,False,False,False,False" />
  <property name="SleeperVolumeFlags" value="2,2,2,2,2,2,2,2,2,2,2,2,2,2,2,2,2,2,2,2,3" />
  <property name="SleeperVolumeTriggeredBy" value=" # # # # # # # # # # # # # # # # # # # #2" />
  <property name="YOffset" value="-7" />
  <property name="QuestTags" value="clear, fetch" />
  <property name="Tags" value="snow, wilderness, rural, megacityresidential, pine_forest, megacityrural" />
  <property name="EditorGroups" value="rural" />
  <property class="IndexedBlockOffsets">
    <property class="challenge_mech_parts">
      <property name="0" value="45, 7, 41" />
    </property>
    <property class="quest_wood_trees">
      <property name="0" value="26, 13, 26" />
    </property>
    <property class="challenge_cars">
      <property name="0" value="10, 7, 3" />
    </property>
    <property class="challenge_polymers">
      <property name="0" value="45, 7, 37" />
      <property name="1" value="45, 7, 38" />
    </property>
    <property class="quest_wood">
      <property name="0" value="40, 8, 25" />
      <property name="1" value="40, 8, 26" />
      <property name="2" value="40, 8, 27" />
      <property name="3" value="40, 8, 28" />
      <property name="4" value="26, 8, 29" />
      <property name="5" value="27, 8, 29" />
      <property name="6" value="28, 8, 29" />
      <property name="7" value="29, 8, 29" />
      <property name="8" value="36, 8, 29" />
      <property name="9" value="37, 8, 29" />
      <property name="10" value="38, 8, 29" />
      <property name="11" value="39, 8, 29" />
      <property name="12" value="40, 8, 29" />
    </property>
    <property class="challenge_sinks">
      <property name="0" value="26, 12, 32" />
    </property>
    <property class="POILight">
      <property name="0" value="44, 9, 35" />
      <property name="1" value="43, 8, 37" />
    </property>
    <property class="TraderOnOff">
      <property name="0" value="44, 7, 36" />
    </property>
    <property class="FetchContainer">
      <property name="0" value="37, 12, 21" />
    </property>
    <property class="challenge_steel">
      <property name="0" value="11, 19, 20" />
    </property>
    <property class="challenge_gore">
      <property name="0" value="25, 8, 39" />
    </property>
    <property class="challenge_leather">
      <property name="0" value="33, 8, 17" />
      <property name="1" value="34, 8, 17" />
      <property name="2" value="35, 8, 17" />
      <property name="3" value="36, 8, 17" />
      <property name="4" value="33, 8, 18" />
      <property name="5" value="33, 8, 19" />
      <property name="6" value="33, 8, 20" />
      <property name="7" value="30, 8, 21" />
      <property name="8" value="33, 8, 21" />
      <property name="9" value="35, 8, 21" />
      <property name="10" value="33, 8, 22" />
      <property name="11" value="33, 8, 23" />
      <property name="12" value="33, 8, 24" />
      <property name="13" value="34, 8, 24" />
      <property name="14" value="35, 8, 24" />
      <property name="15" value="36, 8, 24" />
    </property>
    <property class="challenge_stump">
      <property name="0" value="9, 7, 43" />
    </property>
    <property class="Rally">
      <property name="0" value="45, 7, 9" />
    </property>
  </property>
  <property class="Stats">
    <property name="TotalVertices" value="765354" />
    <property name="TotalTriangles" value="356796" />
    <property class="BlockEntities">
      <property name="Vertices" value="599196" />
      <property name="Triangles" value="232634" />
    </property>
    <property class="ChunkMeshes0">
      <property name="Vertices" value="157922" />
      <property name="Triangles" value="110790" />
    </property>
    <property class="ChunkMeshes1">
      <property name="Vertices" value="0" />
      <property name="Triangles" value="0" />
    </property>
    <property class="ChunkMeshes2">
      <property name="Vertices" value="344" />
      <property name="Triangles" value="172" />
    </property>
    <property class="ChunkMeshes3">
      <property name="Vertices" value="0" />
      <property name="Triangles" value="0" />
    </property>
    <property class="ChunkMeshes4">
      <property name="Vertices" value="0" />
      <property name="Triangles" value="0" />
    </property>
    <property class="ChunkMeshes5">
      <property name="Vertices" value="7892" />
      <property name="Triangles" value="13200" />
    </property>
  </property>
</prefab>