﻿<?xml version="1.0" encoding="UTF-8"?>
<prefab>
  <property name="CopyAirBlocks" value="True" />
  <property name="ExcludeDistantPOIMesh" value="False" />
  <property name="ExcludePOICulling" value="False" />
  <property name="DistantPOIYOffset" value="0" />
  <property name="AllowTopSoilDecorations" value="True" />
  <property name="DifficultyTier" value="4" />
  <property name="QuestTags" value="clear, fetch" />
  <property name="ShowQuestClearCount" value="1" />
  <property name="TraderArea" value="False" />
  <property name="PrefabSize" value="71, 19, 56" />
  <property name="RotationToFaceNorth" value="2" />
  <property name="Zoning" value="none" />
  <property name="SleeperVolumeSize" value="15, 3, 13#10, 3, 10#10, 3, 11#11, 3, 13#11, 3, 11#6, 3, 11#8, 3, 17#8, 3, 4#8, 6, 12#10, 4, 7#15, 3, 9#10, 4, 25#19, 7, 6#15, 7, 5#15, 9, 4#18, 8, 15#16, 4, 18#6, 8, 25#15, 3, 6#2, 3, 14#15, 4, 4" />
  <property name="SleeperVolumeStart" value="30, 2, 23#45, 2, 19#45, 2, 33#17, 2, 19#17, 2, 32#32, 7, 32#33, 7, 20#35, 7, 38#24, 7, 32#21, 7, 26#16, 7, 17#45, 7, 19#17, 13, 18#18, 13, 39#36, 11, 40#31, 13, 24#16, 13, 24#49, 13, 19#28, 2, 37#18, 7, 25#35, 13, 19" />
  <property name="SleeperVolumeGroupId" value="0,0,0,0,0,0,0,0,0,0,0,0,0,0,0,0,0,0,0,0,0" />
  <property name="SleeperVolumeGroup" value="zombieFatCopFeral,4,5,GroupGenericZombie,5,6,GroupBikerBar,5,6,GroupGhostTown,4,5,GroupZomBadassOnly,5,6,ZomBusinessman,2,3,ZomBusinessman,2,3,zombieFatHawaiianFeral,1,2,zombieBusinessManRadiated,6,7,zombieFemaleFatFeral,3,4,zombieBusinessManFeral,5,6,ZomBusinessman,11,11,GroupZomSoldier,2,3,GroupZomSoldier,1,2,ZomLumberJack,1,2,GroupSpecialInfected,9,10,zombieSoldierRadiated,4,5,zombieWightFeral,2,3,zombieSkateboarderFeral,1,1,zombieUtilityWorkerFeral,2,3,zombieBusinessManRadiated,1,2" />
  <property name="SleeperIsLootVolume" value="False,False,False,False,False,False,False,False,False,False,False,False,False,False,False,False,False,False,False,False,False" />
  <property name="SleeperIsQuestExclude" value="False,False,False,False,False,False,False,False,False,False,False,False,False,False,False,False,False,False,False,False,False" />
  <property name="SleeperVolumeFlags" value="2,2,2,0,0,2,2,0,2,2,2,2,2,2,2,2,2,2,2,2,2" />
  <property name="Tags" value="wilderness" />
  <property name="YOffset" value="-1" />
  <property name="SleeperVolumeTriggeredBy" value=" # # # # # # # # # # # # # # # # # # # # " />
  <property name="POIMarkerSize" value="7, 1, 1" />
  <property name="POIMarkerStart" value="33, 0, 0" />
  <property name="POIMarkerGroup" value="ROADEXIT" />
  <property name="POIMarkerTags" value="" />
  <property name="POIMarkerType" value="RoadExit" />
  <property name="POIMarkerPartToSpawn" value="" />
  <property name="POIMarkerPartRotations" value="2" />
  <property name="POIMarkerPartSpawnChance" value="1" />
  <property class="Stats">
    <property name="LightsVolume" value="55798.33" />
    <property name="TotalVertices" value="1254262" />
    <property name="TotalTriangles" value="542167" />
    <property class="BlockEntities">
      <property name="Vertices" value="1039778" />
      <property name="Triangles" value="397847" />
    </property>
    <property class="ChunkMeshes0">
      <property name="Vertices" value="180404" />
      <property name="Triangles" value="115962" />
    </property>
    <property class="ChunkMeshes1">
      <property name="Vertices" value="0" />
      <property name="Triangles" value="0" />
    </property>
    <property class="ChunkMeshes2">
      <property name="Vertices" value="22796" />
      <property name="Triangles" value="11398" />
    </property>
    <property class="ChunkMeshes3">
      <property name="Vertices" value="1104" />
      <property name="Triangles" value="552" />
    </property>
    <property class="ChunkMeshes4">
      <property name="Vertices" value="0" />
      <property name="Triangles" value="0" />
    </property>
    <property class="ChunkMeshes5">
      <property name="Vertices" value="10180" />
      <property name="Triangles" value="16408" />
    </property>
  </property>
  <property class="IndexedBlockOffsets">
    <property class="challenge_polymers">
      <property name="0" value="63, 1, 28" />
      <property name="1" value="52, 13, 35" />
      <property name="2" value="53, 13, 42" />
      <property name="3" value="53, 14, 42" />
    </property>
    <property class="challenge_cars">
      <property name="0" value="57, 1, 6" />
    </property>
    <property class="quest_wood_trees">
      <property name="0" value="65, 1, 51" />
    </property>
    <property class="TraderOnOff">
      <property name="0" value="39, 2, 30" />
      <property name="1" value="44, 7, 30" />
      <property name="2" value="39, 7, 39" />
      <property name="3" value="45, 5, 39" />
    </property>
    <property class="POILight">
      <property name="0" value="52, 11, 28" />
      <property name="1" value="53, 13, 29" />
      <property name="2" value="53, 5, 30" />
      <property name="3" value="52, 11, 31" />
      <property name="4" value="52, 11, 35" />
      <property name="5" value="51, 5, 36" />
      <property name="6" value="52, 11, 39" />
      <property name="7" value="51, 5, 41" />
    </property>
    <property class="challenge_leather">
      <property name="0" value="39, 7, 28" />
      <property name="1" value="35, 7, 29" />
      <property name="2" value="36, 7, 29" />
      <property name="3" value="37, 7, 29" />
      <property name="4" value="38, 7, 29" />
      <property name="5" value="39, 7, 29" />
    </property>
    <property class="challenge_mech_parts">
      <property name="0" value="51, 7, 29" />
      <property name="1" value="51, 7, 33" />
      <property name="2" value="52, 7, 34" />
      <property name="3" value="51, 7, 37" />
      <property name="4" value="52, 7, 39" />
      <property name="5" value="51, 7, 41" />
    </property>
    <property class="challenge_sinks">
      <property name="0" value="53, 2, 39" />
      <property name="1" value="53, 3, 39" />
    </property>
    <property class="FetchContainer">
      <property name="0" value="37, 13, 28" />
    </property>
    <property class="challenge_gore">
      <property name="0" value="41, 2, 28" />
      <property name="1" value="41, 3, 36" />
    </property>
    <property class="Rally">
      <property name="0" value="36, 1, 9" />
    </property>
    <property class="challenge_steel">
      <property name="0" value="47, 2, 35" />
      <property name="1" value="47, 2, 36" />
    </property>
  </property>
</prefab>