﻿<?xml version="1.0" encoding="UTF-8"?>
<prefab>
  <property name="CopyAirBlocks" value="True" />
  <property name="ExcludeDistantPOIMesh" value="False" />
  <property name="ExcludePOICulling" value="False" />
  <property name="DistantPOIYOffset" value="0" />
  <property name="AllowTopSoilDecorations" value="False" />
  <property name="DifficultyTier" value="5" />
  <property name="QuestTags" value="clear, fetch" />
  <property name="ShowQuestClearCount" value="1" />
  <property name="TraderArea" value="False" />
  <property name="PrefabSize" value="100, 28, 100" />
  <property name="RotationToFaceNorth" value="1" />
  <property name="Zoning" value="none" />
  <property name="YOffset" value="-11" />
  <property name="SleeperVolumeSize" value="9, 3, 8#4, 3, 15#22, 3, 6#21, 3, 5#5, 3, 13#13, 3, 13#4, 3, 8#2, 3, 15#7, 3, 4#11, 3, 18#15, 3, 15#9, 3, 22#12, 4, 2#3, 3, 6#8, 3, 14#11, 3, 10#7, 3, 7#9, 3, 19#3, 6, 5#3, 3, 14#2, 3, 13#9, 3, 10#13, 5, 14#11, 2, 11#6, 2, 17#9, 2, 12#6, 2, 14#14, 3, 14#24, 4, 10#6, 3, 11#10, 5, 12#12, 4, 8#5, 3, 8#9, 3, 8#10, 3, 12#9, 3, 16#13, 3, 16#8, 3, 17#14, 3, 14#10, 7, 7#20, 4, 5#16, 4, 5#15, 4, 5#2, 3, 17#10, 3, 7#9, 3, 10#9, 3, 14#15, 7, 16#8, 6, 8#14, 3, 9#8, 3, 8#15, 3, 9#7, 3, 13#7, 3, 5#3, 3, 15#9, 3, 5#6, 3, 8#16, 3, 10#15, 3, 13#10, 3, 7#10, 3, 8#13, 5, 8#4, 4, 15#5, 2, 5#9, 3, 9#9, 3, 8#22, 3, 33#3, 3, 11#6, 5, 3#12, 4, 10#17, 4, 15#10, 7, 7#3, 7, 4#7, 3, 15#6, 2, 9#16, 3, 18" />
  <property name="SleeperVolumeStart" value="66, 1, 47#66, 1, 53#70, 1, 64#72, 1, 64#87, 1, 48#74, 1, 48#70, 1, 55#90, 1, 32#81, 1, 24#76, 1, 29#64, 1, 31#66, 1, 25#52, 1, 24#42, 1, 25#34, 1, 24#36, 1, 38#48, 1, 29#55, 1, 29#50, 4, 45#54, 5, 39#47, 5, 40#37, 5, 43#36, 5, 24#52, 5, 25#58, 5, 36#55, 8, 24#58, 8, 38#66, 5, 24#67, 5, 37#86, 5, 24#82, 5, 48#75, 5, 61#87, 5, 61#66, 5, 61#66, 5, 48#57, 1, 52#44, 1, 52#36, 1, 52#21, 1, 54#21, 1, 68#31, 1, 70#51, 1, 70#69, 1, 70#78, 11, 39#70, 11, 32#70, 11, 58#59, 17, 49#59, 17, 30#50, 17, 45#41, 17, 54#41, 17, 45#42, 17, 35#61, 25, 32#62, 11, 39#58, 11, 39#60, 11, 54#62, 11, 45#42, 11, 34#42, 11, 54#59, 11, 61#59, 11, 30#43, 11, 45#30, 11, 42#29, 15, 47#25, 11, 28#25, 11, 63#38, 25, 33#6, 12, 28#29, 1, 48#41, 11, 80#49, 11, 5#80, 11, 69#70, 14, 63#70, 11, 41#22, 1, 42#60, 25, 45" />
  <property name="SleeperVolumeGroupId" value="0,0,0,0,0,0,0,0,0,0,0,0,0,0,0,0,0,0,0,0,0,0,0,0,0,0,0,0,0,0,0,0,0,0,0,0,0,0,0,0,0,0,0,0,0,0,16,0,0,0,0,0,0,0,0,0,0,0,0,0,0,0,0,100,100,100,0,15,15,0,0,0,16,16,0,0" />
  <property name="SleeperVolumeGroup" value="GroupLabWorker,3,3,GroupZomSoldier,2,2,GroupGenericZombie,5,6,GroupGenericZombie,8,8,GroupLabWorker,4,4,GroupGenericZombie,6,6,zombieFatCopFeral,2,2,zombieUtilityWorkerFeral,4,4,zombieTomClarkFeral,1,1,zombieMoeFeral,8,8,GroupGenericZombie,5,6,zombieNurseFeral,6,6,zombieJanitorFeral,8,8,zombieFatHawaiianFeral,2,2,zombieFatCopFeral,5,5,zombieFatHawaiianRadiated,6,6,zombieLabFeral,3,3,GroupZomBadassOnly,5,5,zombieScreamerFeral,3,3,zombieSoldierFeral,3,3,zombieDemolition,1,1,zombieFemaleFatFeral,5,6,zombieSoldierFeral,8,8,zombieMaleHazmatFeral,5,5,zombieSoldierFeral,6,6,GroupZomBadassOnly,8,8,zombieSoldierFeral,4,4,zombieJanitorFeral,5,5,zombieFatHawaiianFeral,5,5,zombieSpiderFeral,4,4,zombieJanitorFeral,5,5,zombieBikerFeral,5,6,zombieBoeFeral,2,2,zombiePartyGirlRadiated,3,3,zombieScreamerFeral,8,8,GroupSpecialInfected,8,8,zombieSteveFeral,2,2,zombieFatCopRadiated,2,2,animalZombieBear,1,1,zombieSoldierRadiated,2,2,zombieSpiderRadiated,2,2,zombieSoldierFeral,2,2,zombieDemolition,1,1,zombieMaleHazmatRadiated,3,3,zombieWightRadiated,3,4,zombieSoldierRadiated,3,3,zombieMutatedRadiated,5,5,zombieSoldierRadiated,4,4,zombieLabRadiated,7,7,zombieWightRadiated,5,5,zombieFrostclawRadiated,5,5,zombieMutatedRadiated,6,6,animalZombieVulture,4,4,zombieJanitorRadiated,3,3,zombieSpiderRadiated,3,3,zombieMaleHazmatRadiated,3,3,zombieFatCopRadiated,4,4,zombiePlagueSpitterCharged,5,6,zombieMutatedRadiated,11,11,zombieFemaleFatRadiated,5,5,zombieSoldierRadiated,5,5,zombieDemolition,19,19,zombieJanitorRadiated,3,3,animalZombieVulture,6,6,GroupGenericZombie,0,0,GroupGenericZombie,0,0,zombieNurseRadiated,4,4,GroupSpecialInfected,7,8,GroupSpecialInfected,0,0,zombieSoldierFeral,3,4,zombieNurseFeral,5,6,zombieSoldierFeral,1,2,zombieMutatedRadiated,0,0,zombieMutatedRadiated,0,0,zombieFatCopRadiated,2,3,GroupSpecialInfected,8,8" />
  <property name="SleeperIsLootVolume" value="False,False,False,False,False,False,False,False,False,False,False,False,False,False,False,False,False,False,False,False,False,False,False,False,False,False,False,False,False,False,False,False,False,False,False,False,False,False,False,False,False,False,False,False,False,False,False,False,False,False,False,False,False,False,False,False,False,False,False,False,False,False,False,False,False,False,False,False,False,False,False,False,False,False,False,False" />
  <property name="SleeperIsQuestExclude" value="False,False,False,False,False,False,False,False,False,False,False,False,False,False,False,False,False,False,False,False,False,False,False,False,False,False,False,False,False,False,False,False,False,False,False,False,False,False,False,False,False,False,False,False,False,False,False,False,False,False,False,False,False,False,False,False,False,False,False,False,False,False,False,False,False,False,False,False,False,False,False,False,False,False,False,False" />
  <property name="SleeperVolumeFlags" value="2,2,0,2,2,2,2,2,2,2,0,2,2,2,2,2,2,2,2,2,2,2,2,2,2,2,2,2,2,2,2,2,2,2,2,2,2,2,2,2,2,2,2,2,2,2,2,2,2,2,2,2,2,2,2,2,2,2,2,2,2,2,2,2,2,2,2,2,2,2,2,2,2,2,2,2" />
  <property name="SleeperVolumeTriggeredBy" value=" # # # # # # # # # # # # # # # # # # # # # # # # # # # # # # # # # # # # # # # # # # # # # # # # # # # # # # # # # # # # # # # # # # # # # # # # # # # " />
  <property name="Tags" value="wilderness" />
  <property name="POIMarkerSize" value="1, 1, 5#1, 1, 1" />
  <property name="POIMarkerStart" value="99, 10, 48#99, 11, 48" />
  <property name="POIMarkerGroup" value="roadexit,new" />
  <property name="POIMarkerTags" value="#" />
  <property name="POIMarkerType" value="RoadExit,None" />
  <property name="POIMarkerPartToSpawn" value="," />
  <property name="POIMarkerPartRotations" value="3,0" />
  <property name="POIMarkerPartSpawnChance" value="1,1" />
  <property class="Stats">
    <property name="LightsVolume" value="215026" />
    <property name="TotalVertices" value="5139937" />
    <property name="TotalTriangles" value="1979652" />
    <property class="BlockEntities">
      <property name="Vertices" value="4396336" />
      <property name="Triangles" value="1556328" />
    </property>
    <property class="ChunkMeshes0">
      <property name="Vertices" value="685020" />
      <property name="Triangles" value="361433" />
    </property>
    <property class="ChunkMeshes1">
      <property name="Vertices" value="3072" />
      <property name="Triangles" value="1536" />
    </property>
    <property class="ChunkMeshes2">
      <property name="Vertices" value="27327" />
      <property name="Triangles" value="14619" />
    </property>
    <property class="ChunkMeshes3">
      <property name="Vertices" value="0" />
      <property name="Triangles" value="0" />
    </property>
    <property class="ChunkMeshes4">
      <property name="Vertices" value="0" />
      <property name="Triangles" value="0" />
    </property>
    <property class="ChunkMeshes5">
      <property name="Vertices" value="28182" />
      <property name="Triangles" value="45736" />
    </property>
  </property>
  <property class="IndexedBlockOffsets">
    <property class="challenge_pallet">
      <property name="0" value="52, 11, 82" />
    </property>
    <property class="challenge_polymers">
      <property name="0" value="89, 5, 51" />
      <property name="1" value="86, 5, 55" />
    </property>
    <property class="challenge_mech_parts">
      <property name="0" value="89, 11, 66" />
      <property name="1" value="83, 1, 67" />
      <property name="2" value="85, 1, 67" />
      <property name="3" value="87, 1, 67" />
      <property name="4" value="89, 1, 67" />
    </property>
    <property class="Rally">
      <property name="0" value="17, 11, 48" />
    </property>
    <property class="challenge_cars">
      <property name="0" value="95, 11, 74" />
    </property>
    <property class="POILight">
      <property name="0" value="88, 25, 67" />
      <property name="1" value="89, 25, 68" />
    </property>
    <property class="quest_wood_trees">
      <property name="0" value="86, 12, 51" />
      <property name="1" value="92, 12, 51" />
      <property name="2" value="89, 12, 57" />
    </property>
    <property class="TraderOnOff">
      <property name="0" value="86, 1, 54" />
      <property name="1" value="88, 1, 61" />
    </property>
    <property class="quest_feather">
      <property name="0" value="24, 15, 50" />
      <property name="1" value="29, 15, 50" />
    </property>
    <property class="challenge_sinks">
      <property name="0" value="91, 1, 66" />
      <property name="1" value="91, 2, 66" />
      <property name="2" value="82, 5, 67" />
      <property name="3" value="85, 5, 67" />
      <property name="4" value="88, 5, 67" />
      <property name="5" value="91, 5, 67" />
    </property>
    <property class="challenge_gore">
      <property name="0" value="91, 2, 67" />
    </property>
    <property class="FetchContainer">
      <property name="0" value="66, 6, 63" />
    </property>
    <property class="challenge_steel">
      <property name="0" value="91, 5, 52" />
    </property>
    <property class="challenge_leather">
      <property name="0" value="66, 5, 34" />
      <property name="1" value="67, 5, 34" />
      <property name="2" value="66, 5, 35" />
      <property name="3" value="66, 5, 36" />
      <property name="4" value="66, 5, 37" />
      <property name="5" value="66, 5, 38" />
      <property name="6" value="66, 5, 39" />
      <property name="7" value="67, 5, 39" />
    </property>
    <property class="challenge_elec_parts">
      <property name="0" value="66, 25, 40" />
    </property>
  </property>
</prefab>