﻿<?xml version="1.0" encoding="UTF-8"?>
<prefab>
  <property name="CopyAirBlocks" value="True" />
  <property name="ExcludeDistantPOIMesh" value="False" />
  <property name="ExcludePOICulling" value="False" />
  <property name="DistantPOIYOffset" value="0" />
  <property name="AllowTopSoilDecorations" value="False" />
  <property name="DifficultyTier" value="0" />
  <property name="ShowQuestClearCount" value="1" />
  <property name="TraderArea" value="False" />
  <property name="PrefabSize" value="42, 21, 42" />
  <property name="RotationToFaceNorth" value="2" />
  <property name="Zoning" value="none" />
  <property name="YOffset" value="-1" />
  <property name="SleeperVolumeSize" value="13, 3, 11#16, 3, 14" />
  <property name="SleeperVolumeStart" value="17, 10, 15#17, 1, 15" />
  <property name="SleeperVolumeGroupId" value="0,0" />
  <property name="SleeperVolumeGroup" value="GroupGenericZombie,2,3,zombieBiker,2,2" />
  <property name="SleeperIsLootVolume" value="False,False" />
  <property name="SleeperIsQuestExclude" value="False,False" />
  <property name="SleeperVolumeFlags" value="0,0" />
  <property name="SleeperVolumeTriggeredBy" value=" # " />
  <property name="Tags" value="countrytown, countryresidential" />
  <property class="Stats">
    <property name="TotalVertices" value="113735" />
    <property name="TotalTriangles" value="115176" />
    <property class="BlockEntities">
      <property name="Vertices" value="85771" />
      <property name="Triangles" value="82865" />
    </property>
    <property class="ChunkMeshes0">
      <property name="Vertices" value="20396" />
      <property name="Triangles" value="23479" />
    </property>
    <property class="ChunkMeshes1">
      <property name="Vertices" value="1472" />
      <property name="Triangles" value="736" />
    </property>
    <property class="ChunkMeshes2">
      <property name="Vertices" value="1376" />
      <property name="Triangles" value="688" />
    </property>
    <property class="ChunkMeshes3">
      <property name="Vertices" value="0" />
      <property name="Triangles" value="0" />
    </property>
    <property class="ChunkMeshes4">
      <property name="Vertices" value="0" />
      <property name="Triangles" value="0" />
    </property>
    <property class="ChunkMeshes5">
      <property name="Vertices" value="4720" />
      <property name="Triangles" value="7408" />
    </property>
  </property>
  <property class="IndexedBlockOffsets">
    <property class="quest_wood_trees">
      <property name="0" value="36, 1, 21" />
      <property name="1" value="35, 1, 29" />
      <property name="2" value="29, 1, 33" />
    </property>
    <property class="TraderOnOff">
      <property name="0" value="9, 1, 22" />
    </property>
    <property class="challenge_stump">
      <property name="0" value="24, 1, 8" />
    </property>
    <property class="challenge_mech_parts">
      <property name="0" value="22, 10, 19" />
    </property>
  </property>
</prefab>