﻿<?xml version="1.0" encoding="UTF-8"?>
<prefab>
  <property name="CopyAirBlocks" value="True" />
  <property name="ExcludeDistantPOIMesh" value="False" />
  <property name="ExcludePOICulling" value="False" />
  <property name="DistantPOIYOffset" value="0" />
  <property name="AllowTopSoilDecorations" value="False" />
  <property name="DifficultyTier" value="2" />
  <property name="ShowQuestClearCount" value="1" />
  <property name="TraderArea" value="False" />
  <property name="PrefabSize" value="61, 31, 105" />
  <property name="RotationToFaceNorth" value="2" />
  <property name="Zoning" value="none" />
  <property name="POIMarkerSize" value="15, 1, 1" />
  <property name="POIMarkerStart" value="28, 9, 105" />
  <property name="POIMarkerGroup" value="roadexit" />
  <property name="POIMarkerTags" value="" />
  <property name="POIMarkerType" value="RoadExit" />
  <property name="POIMarkerPartToSpawn" value="" />
  <property name="POIMarkerPartRotations" value="0" />
  <property name="POIMarkerPartSpawnChance" value="1" />
  <property name="Tags" value="wilderness" />
  <property name="QuestTags" value="clear, fetch" />
  <property name="YOffset" value="-11" />
  <property name="SleeperVolumeSize" value="9, 10, 15#5, 4, 5#6, 4, 5#7, 5, 5#5, 4, 5#7, 4, 7#5, 5, 7#9, 4, 9" />
  <property name="SleeperVolumeStart" value="6, 11, 65#29, 11, 89#29, 11, 83#36, 11, 79#34, 16, 86#31, 16, 79#31, 5, 30#5, 11, 55" />
  <property name="SleeperVolumeGroupId" value="0,0,0,0,0,0,0,0" />
  <property name="SleeperVolumeGroup" value="GroupBikerBar,2,3,GroupGenericZombie,1,1,GroupAbandonedHouse,1,2,zombieFemaleFat,1,2,GroupGenericZombie,1,2,GroupGenericZombie,1,2,zombieSteveCrawler,1,1,animalChicken,1,2" />
  <property name="SleeperIsLootVolume" value="False,False,False,False,False,False,False,False" />
  <property name="SleeperIsQuestExclude" value="False,False,False,False,False,False,False,False" />
  <property name="SleeperVolumeFlags" value="2,2,2,2,2,2,2,0" />
  <property name="SleeperVolumeTriggeredBy" value=" # # # # # # # " />
  <property class="IndexedBlockOffsets">
    <property class="quest_wood_trees">
      <property name="0" value="47, 11, 69" />
    </property>
    <property class="quest_wood">
      <property name="0" value="36, 9, 66" />
    </property>
    <property class="challenge_gore">
      <property name="0" value="41, 3, 37" />
      <property name="1" value="43, 8, 40" />
    </property>
    <property class="TraderOnOff">
      <property name="0" value="37, 11, 84" />
      <property name="1" value="38, 16, 85" />
      <property name="2" value="34, 16, 86" />
      <property name="3" value="37, 11, 87" />
      <property name="4" value="34, 11, 91" />
    </property>
    <property class="quest_feather">
      <property name="0" value="41, 21, 88" />
    </property>
    <property class="challenge_polymers">
      <property name="0" value="45, 11, 103" />
    </property>
    <property class="challenge_pallet">
      <property name="0" value="14, 11, 78" />
    </property>
    <property class="FetchContainer">
      <property name="0" value="34, 21, 83" />
    </property>
    <property class="challenge_mech_parts">
      <property name="0" value="35, 12, 88" />
      <property name="1" value="41, 11, 94" />
    </property>
    <property class="challenge_cars">
      <property name="0" value="21, 11, 85" />
    </property>
    <property class="POILight">
      <property name="0" value="47, 15, 84" />
      <property name="1" value="48, 13, 86" />
    </property>
    <property class="challenge_leather">
      <property name="0" value="32, 11, 84" />
    </property>
    <property class="challenge_sinks">
      <property name="0" value="39, 17, 84" />
      <property name="1" value="41, 17, 84" />
      <property name="2" value="36, 11, 85" />
      <property name="3" value="38, 22, 85" />
      <property name="4" value="36, 11, 86" />
      <property name="5" value="40, 11, 86" />
      <property name="6" value="41, 11, 86" />
      <property name="7" value="39, 16, 87" />
      <property name="8" value="39, 17, 89" />
      <property name="9" value="41, 17, 89" />
      <property name="10" value="32, 16, 90" />
      <property name="11" value="38, 16, 91" />
      <property name="12" value="35, 12, 93" />
      <property name="13" value="35, 12, 95" />
    </property>
    <property class="Rally">
      <property name="0" value="30, 11, 101" />
    </property>
  </property>
  <property class="Stats">
    <property name="LightsVolume" value="4904.55" />
    <property name="TotalVertices" value="788875" />
    <property name="TotalTriangles" value="405425" />
    <property class="BlockEntities">
      <property name="Vertices" value="559063" />
      <property name="Triangles" value="257933" />
    </property>
    <property class="ChunkMeshes0">
      <property name="Vertices" value="107010" />
      <property name="Triangles" value="59184" />
    </property>
    <property class="ChunkMeshes1">
      <property name="Vertices" value="97024" />
      <property name="Triangles" value="48512" />
    </property>
    <property class="ChunkMeshes2">
      <property name="Vertices" value="2702" />
      <property name="Triangles" value="1696" />
    </property>
    <property class="ChunkMeshes3">
      <property name="Vertices" value="336" />
      <property name="Triangles" value="168" />
    </property>
    <property class="ChunkMeshes4">
      <property name="Vertices" value="0" />
      <property name="Triangles" value="0" />
    </property>
    <property class="ChunkMeshes5">
      <property name="Vertices" value="22740" />
      <property name="Triangles" value="37932" />
    </property>
  </property>
</prefab>