﻿<?xml version="1.0" encoding="UTF-8"?>
<prefab>
  <property name="CopyAirBlocks" value="True" />
  <property name="ExcludeDistantPOIMesh" value="False" />
  <property name="ExcludePOICulling" value="False" />
  <property name="DistantPOIYOffset" value="0" />
  <property name="AllowTopSoilDecorations" value="False" />
  <property name="DifficultyTier" value="0" />
  <property name="ShowQuestClearCount" value="1" />
  <property name="TraderArea" value="False" />
  <property name="PrefabSize" value="14, 16, 14" />
  <property name="RotationToFaceNorth" value="2" />
  <property name="SleeperVolumeSize" value="14, 5, 14" />
  <property name="SleeperVolumeStart" value="0, 0, 0" />
  <property name="SleeperVolumeGroupId" value="0" />
  <property name="SleeperVolumeGroup" value="GroupGenericZombie,6,6" />
  <property name="SleeperIsLootVolume" value="False" />
  <property name="SleeperIsQuestExclude" value="False" />
  <property name="SleeperVolumeFlags" value="2" />
  <property name="SleeperVolumeTriggeredBy" value=" " />
  <property name="YOffset" value="-11" />
  <property name="Zoning" value="none" />
  <property name="POIMarkerSize" value="3, 1, 1" />
  <property name="POIMarkerStart" value="4, 10, 13" />
  <property name="POIMarkerGroup" value="roadexit" />
  <property name="POIMarkerTags" value="" />
  <property name="POIMarkerType" value="RoadExit" />
  <property name="POIMarkerPartToSpawn" value="" />
  <property name="POIMarkerPartRotations" value="0" />
  <property name="POIMarkerPartSpawnChance" value="1" />
  <property name="Tags" value="wilderness" />
  <property class="Stats">
    <property name="LightsVolume" value="0" />
    <property name="TotalVertices" value="142299" />
    <property name="TotalTriangles" value="48751" />
    <property class="BlockEntities">
      <property name="Vertices" value="133580" />
      <property name="Triangles" value="41709" />
    </property>
    <property class="ChunkMeshes0">
      <property name="Vertices" value="7139" />
      <property name="Triangles" value="4346" />
    </property>
    <property class="ChunkMeshes1">
      <property name="Vertices" value="0" />
      <property name="Triangles" value="0" />
    </property>
    <property class="ChunkMeshes2">
      <property name="Vertices" value="0" />
      <property name="Triangles" value="0" />
    </property>
    <property class="ChunkMeshes3">
      <property name="Vertices" value="0" />
      <property name="Triangles" value="0" />
    </property>
    <property class="ChunkMeshes4">
      <property name="Vertices" value="0" />
      <property name="Triangles" value="0" />
    </property>
    <property class="ChunkMeshes5">
      <property name="Vertices" value="1580" />
      <property name="Triangles" value="2696" />
    </property>
  </property>
  <property class="IndexedBlockOffsets">
    <property class="quest_wood">
      <property name="0" value="12, 11, 10" />
      <property name="1" value="12, 11, 11" />
      <property name="2" value="8, 11, 12" />
      <property name="3" value="9, 11, 12" />
      <property name="4" value="10, 11, 12" />
      <property name="5" value="11, 11, 12" />
      <property name="6" value="12, 11, 12" />
    </property>
    <property class="challenge_gore">
      <property name="0" value="7, 1, 7" />
    </property>
  </property>
</prefab>