﻿<?xml version="1.0" encoding="UTF-8"?>
<prefab>
  <property name="CopyAirBlocks" value="True" />
  <property name="ExcludeDistantPOIMesh" value="False" />
  <property name="ExcludePOICulling" value="False" />
  <property name="DistantPOIYOffset" value="0" />
  <property name="AllowTopSoilDecorations" value="False" />
  <property name="DifficultyTier" value="3" />
  <property name="ShowQuestClearCount" value="1" />
  <property name="TraderArea" value="False" />
  <property name="PrefabSize" value="75, 21, 58" />
  <property name="RotationToFaceNorth" value="0" />
  <property name="Zoning" value="none" />
  <property name="SleeperVolumeSize" value="8, 4, 10#14, 3, 17#8, 5, 14#14, 7, 16#7, 6, 10#14, 3, 17#14, 6, 17#14, 11, 8" />
  <property name="SleeperVolumeStart" value="5, 1, 4#15, 2, 24#4, 1, 26#15, 6, 24#63, 1, 4#46, 2, 24#46, 6, 24#15, 2, 16" />
  <property name="SleeperVolumeGroupId" value="0,0,0,0,0,0,0,0" />
  <property name="SleeperVolumeGroup" value="animalZombieDog,4,5,GroupNightClub,6,7,ZomUtilityWorker,5,6,GroupGenericZombie,3,4,zombieBowlerFeral,3,4,GroupBikerBar,6,7,GroupGenericZombie,4,5,GroupGenericZombie,4,5" />
  <property name="SleeperIsLootVolume" value="False,False,False,False,False,False,False,False" />
  <property name="SleeperIsQuestExclude" value="False,False,False,False,False,False,False,False" />
  <property name="SleeperVolumeFlags" value="2,2,2,2,2,2,2,2" />
  <property name="YOffset" value="-1" />
  <property name="Tags" value="wilderness" />
  <property name="SleeperVolumeTriggeredBy" value=" # # # # # # # " />
  <property name="POIMarkerSize" value="5, 0, 1" />
  <property name="POIMarkerStart" value="6, 1, 57" />
  <property name="POIMarkerGroup" value="roadexit" />
  <property name="POIMarkerTags" value="" />
  <property name="POIMarkerType" value="RoadExit" />
  <property name="POIMarkerPartToSpawn" value="" />
  <property name="POIMarkerPartRotations" value="0" />
  <property name="POIMarkerPartSpawnChance" value="1" />
  <property name="QuestTags" value="clear, fetch, infested" />
  <property class="IndexedBlockOffsets">
    <property class="quest_wood">
      <property name="0" value="69, 1, 40" />
      <property name="1" value="70, 1, 40" />
    </property>
    <property class="challenge_polymers">
      <property name="0" value="54, 3, 28" />
    </property>
    <property class="POILight">
      <property name="0" value="53, 12, 32" />
      <property name="1" value="55, 5, 32" />
      <property name="2" value="58, 12, 32" />
      <property name="3" value="53, 5, 34" />
      <property name="4" value="55, 7, 36" />
      <property name="5" value="55, 5, 37" />
      <property name="6" value="58, 12, 37" />
      <property name="7" value="56, 12, 39" />
    </property>
    <property class="challenge_gore">
      <property name="0" value="67, 1, 50" />
    </property>
    <property class="TraderOnOff">
      <property name="0" value="53, 7, 24" />
    </property>
    <property class="quest_wood_trees">
      <property name="0" value="65, 1, 51" />
    </property>
    <property class="challenge_sinks">
      <property name="0" value="58, 2, 29" />
      <property name="1" value="58, 2, 30" />
      <property name="2" value="53, 7, 39" />
    </property>
    <property class="FetchContainer">
      <property name="0" value="50, 7, 39" />
    </property>
    <property class="Rally">
      <property name="0" value="10, 1, 43" />
    </property>
    <property class="challenge_mech_parts">
      <property name="0" value="48, 7, 35" />
    </property>
    <property class="challenge_leather">
      <property name="0" value="47, 2, 35" />
      <property name="1" value="47, 2, 36" />
      <property name="2" value="47, 2, 37" />
      <property name="3" value="47, 2, 38" />
      <property name="4" value="47, 2, 39" />
      <property name="5" value="48, 2, 39" />
      <property name="6" value="49, 2, 39" />
      <property name="7" value="50, 2, 39" />
      <property name="8" value="51, 2, 39" />
    </property>
  </property>
  <property class="Stats">
    <property name="LightsVolume" value="8539.794" />
    <property name="TotalVertices" value="823564" />
    <property name="TotalTriangles" value="352765" />
    <property class="BlockEntities">
      <property name="Vertices" value="666947" />
      <property name="Triangles" value="255548" />
    </property>
    <property class="ChunkMeshes0">
      <property name="Vertices" value="134991" />
      <property name="Triangles" value="74381" />
    </property>
    <property class="ChunkMeshes1">
      <property name="Vertices" value="7040" />
      <property name="Triangles" value="3520" />
    </property>
    <property class="ChunkMeshes2">
      <property name="Vertices" value="4004" />
      <property name="Triangles" value="2036" />
    </property>
    <property class="ChunkMeshes3">
      <property name="Vertices" value="0" />
      <property name="Triangles" value="0" />
    </property>
    <property class="ChunkMeshes4">
      <property name="Vertices" value="0" />
      <property name="Triangles" value="0" />
    </property>
    <property class="ChunkMeshes5">
      <property name="Vertices" value="10582" />
      <property name="Triangles" value="17280" />
    </property>
  </property>
</prefab>