﻿<?xml version="1.0" encoding="UTF-8"?>
<prefab>
  <property name="CopyAirBlocks" value="True" />
  <property name="ExcludeDistantPOIMesh" value="False" />
  <property name="ExcludePOICulling" value="False" />
  <property name="DistantPOIYOffset" value="0" />
  <property name="AllowTopSoilDecorations" value="False" />
  <property name="DifficultyTier" value="3" />
  <property name="QuestTags" value="clear, fetch, infested" />
  <property name="ShowQuestClearCount" value="1" />
  <property name="TraderArea" value="False" />
  <property name="PrefabSize" value="42, 32, 42" />
  <property name="RotationToFaceNorth" value="2" />
  <property name="Zoning" value="none" />
  <property name="SleeperVolumeSize" value="8, 6, 8#6, 3, 5#6, 3, 4#7, 3, 6#6, 4, 8#8, 3, 6#8, 3, 9#4, 3, 9#14, 2, 7#8, 2, 6#10, 1, 8" />
  <property name="SleeperVolumeStart" value="12, 1, 5#24, 1, 5#18, 1, 18#13, 1, 25#25, 6, 24#17, 7, 25#17, 12, 14#11, 12, 16#16, 12, 23#20, 1, 25#2, 12, 3" />
  <property name="SleeperVolumeGroupId" value="0,0,0,0,0,0,0,0,0,0,0" />
  <property name="SleeperVolumeGroup" value="GroupNightClub,8,9,GroupBikerBar,1,2,ZomFatCops,2,2,zombieBiker,2,2,zombieBoe,2,2,zombieSoldier,2,3,GroupZomPoliceCarHorde,3,3,zombieYo,1,1,animalZombieDog,1,1,zombieScreamer,1,2,zombieUtilityWorkerFeralGroup,5,6" />
  <property name="SleeperIsLootVolume" value="False,False,False,False,False,False,False,False,False,False,False" />
  <property name="SleeperIsQuestExclude" value="False,False,False,False,False,False,False,False,False,False,False" />
  <property name="SleeperVolumeFlags" value="2,2,2,2,2,2,2,2,2,2,3" />
  <property name="SleeperVolumeTriggeredBy" value=" # # # # # # # # # #1" />
  <property name="Tags" value="countrytown, gateway, nodiagonal" />
  <property name="YOffset" value="-12" />
  <property name="POIMarkerSize" value="23, 13, 2" />
  <property name="POIMarkerStart" value="8, 11, 0" />
  <property name="POIMarkerGroup" value="countrytow" />
  <property name="POIMarkerTags" value="" />
  <property name="POIMarkerType" value="PartSpawn" />
  <property name="POIMarkerPartToSpawn" value="part_driveway_countrytown_20" />
  <property name="POIMarkerPartRotations" value="2" />
  <property name="POIMarkerPartSpawnChance" value="1" />
  <property class="Stats">
    <property name="LightsVolume" value="14706.27" />
    <property name="TotalVertices" value="546493" />
    <property name="TotalTriangles" value="239147" />
    <property class="BlockEntities">
      <property name="Vertices" value="506027" />
      <property name="Triangles" value="208075" />
    </property>
    <property class="ChunkMeshes0">
      <property name="Vertices" value="31176" />
      <property name="Triangles" value="16318" />
    </property>
    <property class="ChunkMeshes1">
      <property name="Vertices" value="0" />
      <property name="Triangles" value="0" />
    </property>
    <property class="ChunkMeshes2">
      <property name="Vertices" value="476" />
      <property name="Triangles" value="306" />
    </property>
    <property class="ChunkMeshes3">
      <property name="Vertices" value="0" />
      <property name="Triangles" value="0" />
    </property>
    <property class="ChunkMeshes4">
      <property name="Vertices" value="0" />
      <property name="Triangles" value="0" />
    </property>
    <property class="ChunkMeshes5">
      <property name="Vertices" value="8814" />
      <property name="Triangles" value="14448" />
    </property>
  </property>
  <property class="IndexedBlockOffsets">
    <property class="challenge_polymers">
      <property name="0" value="25, 12, 24" />
      <property name="1" value="25, 7, 28" />
      <property name="2" value="27, 1, 30" />
    </property>
    <property class="FetchContainer">
      <property name="0" value="20, 3, 21" />
      <property name="1" value="17, 7, 29" />
    </property>
    <property class="POILight">
      <property name="0" value="24, 14, 22" />
      <property name="1" value="24, 14, 24" />
      <property name="2" value="21, 10, 28" />
    </property>
    <property class="TraderOnOff">
      <property name="0" value="27, 1, 24" />
      <property name="1" value="24, 7, 27" />
    </property>
    <property class="challenge_steel">
      <property name="0" value="22, 12, 8" />
    </property>
    <property class="challenge_gore">
      <property name="0" value="25, 7, 25" />
      <property name="1" value="28, 1, 26" />
      <property name="2" value="21, 7, 28" />
      <property name="3" value="27, 12, 28" />
    </property>
    <property class="quest_wood_trees">
      <property name="0" value="30, 12, 33" />
    </property>
    <property class="challenge_sinks">
      <property name="0" value="27, 12, 21" />
    </property>
    <property class="challenge_mech_parts">
      <property name="0" value="27, 12, 22" />
    </property>
    <property class="Rally">
      <property name="0" value="21, 12, 11" />
    </property>
  </property>
</prefab>