﻿<?xml version="1.0" encoding="UTF-8"?>
<prefab>
  <property name="CopyAirBlocks" value="True" />
  <property name="ExcludeDistantPOIMesh" value="False" />
  <property name="ExcludePOICulling" value="False" />
  <property name="DistantPOIYOffset" value="0" />
  <property name="AllowTopSoilDecorations" value="False" />
  <property name="DifficultyTier" value="1" />
  <property name="QuestTags" value="clear, fetch" />
  <property name="ShowQuestClearCount" value="1" />
  <property name="TraderArea" value="False" />
  <property name="PrefabSize" value="19, 7, 36" />
  <property name="RotationToFaceNorth" value="2" />
  <property name="SleeperVolumeSize" value="16, 7, 13" />
  <property name="SleeperVolumeStart" value="2, 1, 17" />
  <property name="SleeperVolumeGroupId" value="0" />
  <property name="SleeperVolumeGroup" value="ZomUtilityWorker,4,5" />
  <property name="SleeperIsLootVolume" value="False" />
  <property name="SleeperIsQuestExclude" value="False" />
  <property name="SleeperVolumeFlags" value="2" />
  <property name="Zoning" value="none, any" />
  <property name="EditorGroups" value="Wilderness" />
  <property name="Tags" value="wilderness" />
  <property name="YOffset" value="-1" />
  <property name="SleeperVolumeTriggeredBy" value=" " />
  <property name="POIMarkerSize" value="5, 0, 1" />
  <property name="POIMarkerStart" value="8, 1, 0" />
  <property name="POIMarkerGroup" value="ROADEXIT" />
  <property name="POIMarkerTags" value="" />
  <property name="POIMarkerType" value="RoadExit" />
  <property name="POIMarkerPartToSpawn" value="" />
  <property name="POIMarkerPartRotations" value="2" />
  <property name="POIMarkerPartSpawnChance" value="1" />
  <property class="Stats">
    <property name="LightsVolume" value="6144.956" />
    <property name="TotalVertices" value="201539" />
    <property name="TotalTriangles" value="70592" />
    <property class="BlockEntities">
      <property name="Vertices" value="191303" />
      <property name="Triangles" value="63920" />
    </property>
    <property class="ChunkMeshes0">
      <property name="Vertices" value="8028" />
      <property name="Triangles" value="4112" />
    </property>
    <property class="ChunkMeshes1">
      <property name="Vertices" value="0" />
      <property name="Triangles" value="0" />
    </property>
    <property class="ChunkMeshes2">
      <property name="Vertices" value="880" />
      <property name="Triangles" value="440" />
    </property>
    <property class="ChunkMeshes3">
      <property name="Vertices" value="0" />
      <property name="Triangles" value="0" />
    </property>
    <property class="ChunkMeshes4">
      <property name="Vertices" value="0" />
      <property name="Triangles" value="0" />
    </property>
    <property class="ChunkMeshes5">
      <property name="Vertices" value="1328" />
      <property name="Triangles" value="2120" />
    </property>
  </property>
  <property class="IndexedBlockOffsets">
    <property class="challenge_steel">
      <property name="0" value="9, 1, 8" />
      <property name="1" value="13, 1, 8" />
      <property name="2" value="16, 1, 16" />
    </property>
    <property class="POILight">
      <property name="0" value="9, 3, 18" />
      <property name="1" value="9, 4, 22" />
    </property>
    <property class="FetchContainer">
      <property name="0" value="6, 1, 21" />
    </property>
    <property class="challenge_polymers">
      <property name="0" value="14, 1, 23" />
    </property>
    <property class="quest_feather">
      <property name="0" value="16, 6, 18" />
      <property name="1" value="14, 6, 26" />
      <property name="2" value="13, 6, 30" />
    </property>
    <property class="Rally">
      <property name="0" value="9, 1, 14" />
    </property>
    <property class="TraderOnOff">
      <property name="0" value="9, 1, 16" />
    </property>
  </property>
</prefab>