﻿<?xml version="1.0" encoding="UTF-8"?>
<prefab>
  <property name="CopyAirBlocks" value="True" />
  <property name="ExcludeDistantPOIMesh" value="False" />
  <property name="ExcludePOICulling" value="False" />
  <property name="DistantPOIYOffset" value="0" />
  <property name="AllowTopSoilDecorations" value="False" />
  <property name="DifficultyTier" value="1" />
  <property name="ShowQuestClearCount" value="1" />
  <property name="TraderArea" value="False" />
  <property name="PrefabSize" value="60, 21, 60" />
  <property name="RotationToFaceNorth" value="2" />
  <property name="Zoning" value="none" />
  <property name="YOffset" value="-1" />
  <property name="Tags" value="rural" />
  <property name="QuestTags" value="clear, fetch" />
  <property name="SleeperVolumeSize" value="13, 5, 5#7, 4, 5#9, 5, 13" />
  <property name="SleeperVolumeStart" value="24, 5, 17#27, 6, 12#12, 5, 35" />
  <property name="SleeperVolumeGroupId" value="0,0,0" />
  <property name="SleeperVolumeGroup" value="GroupGenericZombie,2,3,GroupGenericZombie,1,1,2GroupAbandonedHouse,2,3" />
  <property name="SleeperIsLootVolume" value="False,False,False" />
  <property name="SleeperIsQuestExclude" value="False,False,False" />
  <property name="SleeperVolumeFlags" value="2,2,2" />
  <property name="SleeperVolumeTriggeredBy" value=" # # " />
  <property class="Stats">
    <property name="LightsVolume" value="4301.031" />
    <property name="TotalVertices" value="557921" />
    <property name="TotalTriangles" value="225374" />
    <property class="BlockEntities">
      <property name="Vertices" value="494509" />
      <property name="Triangles" value="182537" />
    </property>
    <property class="ChunkMeshes0">
      <property name="Vertices" value="52034" />
      <property name="Triangles" value="26609" />
    </property>
    <property class="ChunkMeshes1">
      <property name="Vertices" value="0" />
      <property name="Triangles" value="0" />
    </property>
    <property class="ChunkMeshes2">
      <property name="Vertices" value="3112" />
      <property name="Triangles" value="2240" />
    </property>
    <property class="ChunkMeshes3">
      <property name="Vertices" value="0" />
      <property name="Triangles" value="0" />
    </property>
    <property class="ChunkMeshes4">
      <property name="Vertices" value="0" />
      <property name="Triangles" value="0" />
    </property>
    <property class="ChunkMeshes5">
      <property name="Vertices" value="8266" />
      <property name="Triangles" value="13988" />
    </property>
  </property>
  <property class="IndexedBlockOffsets">
    <property class="quest_wood_trees">
      <property name="0" value="51, 1, 47" />
    </property>
    <property class="challenge_pallet">
      <property name="0" value="17, 1, 35" />
    </property>
    <property class="POILight">
      <property name="0" value="30, 4, 14" />
      <property name="1" value="30, 11, 14" />
      <property name="2" value="35, 2, 15" />
      <property name="3" value="30, 11, 18" />
      <property name="4" value="34, 4, 18" />
      <property name="5" value="38, 5, 18" />
      <property name="6" value="32, 6, 20" />
    </property>
    <property class="challenge_polymers">
      <property name="0" value="20, 1, 46" />
      <property name="1" value="19, 1, 47" />
      <property name="2" value="19, 7, 47" />
      <property name="3" value="20, 1, 47" />
      <property name="4" value="20, 2, 47" />
    </property>
    <property class="challenge_sinks">
      <property name="0" value="36, 2, 18" />
      <property name="1" value="35, 6, 21" />
    </property>
    <property class="quest_wood">
      <property name="0" value="38, 1, 14" />
      <property name="1" value="38, 1, 15" />
      <property name="2" value="38, 1, 17" />
      <property name="3" value="38, 1, 18" />
      <property name="4" value="38, 1, 19" />
      <property name="5" value="38, 1, 21" />
      <property name="6" value="38, 1, 22" />
      <property name="7" value="34, 1, 23" />
      <property name="8" value="35, 1, 23" />
      <property name="9" value="37, 1, 23" />
      <property name="10" value="38, 1, 23" />
    </property>
    <property class="TraderOnOff">
      <property name="0" value="30, 7, 14" />
      <property name="1" value="33, 6, 15" />
      <property name="2" value="32, 7, 18" />
    </property>
    <property class="challenge_mech_parts">
      <property name="0" value="20, 1, 44" />
    </property>
    <property class="challenge_leather">
      <property name="0" value="28, 6, 20" />
    </property>
    <property class="FetchContainer">
      <property name="0" value="20, 7, 46" />
    </property>
    <property class="Rally">
      <property name="0" value="30, 1, 1" />
    </property>
  </property>
</prefab>