﻿<?xml version="1.0" encoding="UTF-8"?>
<prefab>
  <property name="CopyAirBlocks" value="True" />
  <property name="ExcludeDistantPOIMesh" value="False" />
  <property name="ExcludePOICulling" value="False" />
  <property name="DistantPOIYOffset" value="0" />
  <property name="AllowTopSoilDecorations" value="False" />
  <property name="DifficultyTier" value="0" />
  <property name="ShowQuestClearCount" value="1" />
  <property name="TraderArea" value="False" />
  <property name="PrefabSize" value="30, 31, 14" />
  <property name="RotationToFaceNorth" value="2" />
  <property name="Zoning" value="none" />
  <property name="YOffset" value="-12" />
  <property name="SleeperVolumeSize" value="8, 2, 5#4, 2, 4#2, 3, 9#7, 4, 9" />
  <property name="SleeperVolumeStart" value="7, 7, 3#18, 7, 3#13, 2, 4#18, 2, 4" />
  <property name="SleeperVolumeGroupId" value="0,0,0,0" />
  <property name="SleeperVolumeGroup" value="GroupGenericZombie,1,1,zombieJoe,1,1,zombieMoe,1,1,GroupGenericZombie,1,2" />
  <property name="SleeperIsLootVolume" value="False,False,False,False" />
  <property name="SleeperIsQuestExclude" value="False,False,False,False" />
  <property name="SleeperVolumeFlags" value="2,2,2,2" />
  <property name="SleeperVolumeTriggeredBy" value=" # # # " />
  <property name="Tags" value="wilderness" />
  <property class="Stats">
    <property name="LightsVolume" value="9114.808" />
    <property name="TotalVertices" value="117485" />
    <property name="TotalTriangles" value="61045" />
    <property class="BlockEntities">
      <property name="Vertices" value="110409" />
      <property name="Triangles" value="53095" />
    </property>
    <property class="ChunkMeshes0">
      <property name="Vertices" value="2290" />
      <property name="Triangles" value="1410" />
    </property>
    <property class="ChunkMeshes1">
      <property name="Vertices" value="1408" />
      <property name="Triangles" value="704" />
    </property>
    <property class="ChunkMeshes2">
      <property name="Vertices" value="0" />
      <property name="Triangles" value="0" />
    </property>
    <property class="ChunkMeshes3">
      <property name="Vertices" value="0" />
      <property name="Triangles" value="0" />
    </property>
    <property class="ChunkMeshes4">
      <property name="Vertices" value="0" />
      <property name="Triangles" value="0" />
    </property>
    <property class="ChunkMeshes5">
      <property name="Vertices" value="3378" />
      <property name="Triangles" value="5836" />
    </property>
  </property>
  <property class="IndexedBlockOffsets">
    <property class="quest_wood_trees">
      <property name="0" value="15, 12, 7" />
    </property>
    <property class="challenge_polymers">
      <property name="0" value="24, 2, 8" />
      <property name="1" value="22, 2, 9" />
    </property>
    <property class="quest_wood">
      <property name="0" value="3, 12, 7" />
    </property>
    <property class="TraderOnOff">
      <property name="0" value="19, 2, 5" />
    </property>
    <property class="challenge_leather">
      <property name="0" value="19, 4, 9" />
    </property>
    <property class="POILight">
      <property name="0" value="17, 4, 10" />
    </property>
  </property>
</prefab>