﻿<?xml version="1.0" encoding="UTF-8"?>
<prefab>
  <property name="CopyAirBlocks" value="True" />
  <property name="ExcludeDistantPOIMesh" value="False" />
  <property name="ExcludePOICulling" value="False" />
  <property name="DistantPOIYOffset" value="0" />
  <property name="AllowTopSoilDecorations" value="False" />
  <property name="DifficultyTier" value="3" />
  <property name="ShowQuestClearCount" value="1" />
  <property name="TraderArea" value="False" />
  <property name="YOffset" value="-9" />
  <property name="PrefabSize" value="42, 25, 42" />
  <property name="RotationToFaceNorth" value="2" />
  <property name="Zoning" value="none" />
  <property name="SleeperVolumeSize" value="12, 8, 12#11, 3, 12#5, 6, 8#5, 3, 3#5, 3, 6#3, 3, 5#9, 3, 8#11, 4, 11#9, 3, 10" />
  <property name="SleeperVolumeStart" value="21, 9, 18#9, 15, 18#24, 18, 18#24, 18, 27#29, 18, 24#30, 18, 18#24, 18, 8#9, 9, 18#18, 1, 8" />
  <property name="SleeperVolumeGroupId" value="0,0,0,0,0,0,0,0,0" />
  <property name="SleeperVolumeGroup" value="GroupPrison,7,8,GroupBikerBar,3,4,ZomUtilityWorker,2,2,GroupNightClub,1,1,GroupBikerBar,1,1,ZomFatCops,1,1,GroupPrison,2,2,GroupAbandonedHouse,7,8,ZomHazMatOnly,6,7" />
  <property name="SleeperIsLootVolume" value="False,False,False,False,False,False,False,False,False" />
  <property name="SleeperIsQuestExclude" value="False,False,False,False,False,False,False,False,False" />
  <property name="SleeperVolumeFlags" value="2,2,2,2,2,2,2,2,2" />
  <property name="SleeperVolumeTriggeredBy" value=" # # # # # # # # " />
  <property name="Tags" value="countrytown, countryresidential" />
  <property name="QuestTags" value="clear, fetch" />
  <property class="Stats">
    <property name="TotalVertices" value="476805" />
    <property name="TotalTriangles" value="206059" />
    <property class="BlockEntities">
      <property name="Vertices" value="318266" />
      <property name="Triangles" value="109441" />
    </property>
    <property class="ChunkMeshes0">
      <property name="Vertices" value="151405" />
      <property name="Triangles" value="86102" />
    </property>
    <property class="ChunkMeshes1">
      <property name="Vertices" value="0" />
      <property name="Triangles" value="0" />
    </property>
    <property class="ChunkMeshes2">
      <property name="Vertices" value="1008" />
      <property name="Triangles" value="504" />
    </property>
    <property class="ChunkMeshes3">
      <property name="Vertices" value="0" />
      <property name="Triangles" value="0" />
    </property>
    <property class="ChunkMeshes4">
      <property name="Vertices" value="0" />
      <property name="Triangles" value="0" />
    </property>
    <property class="ChunkMeshes5">
      <property name="Vertices" value="6126" />
      <property name="Triangles" value="10012" />
    </property>
  </property>
  <property class="IndexedBlockOffsets">
    <property class="challenge_polymers">
      <property name="0" value="25, 1, 23" />
      <property name="1" value="25, 1, 25" />
      <property name="2" value="26, 9, 25" />
      <property name="3" value="30, 9, 31" />
      <property name="4" value="32, 9, 33" />
    </property>
    <property class="POILight">
      <property name="0" value="22, 4, 21" />
      <property name="1" value="31, 23, 21" />
      <property name="2" value="24, 6, 22" />
      <property name="3" value="24, 18, 22" />
      <property name="4" value="28, 6, 22" />
      <property name="5" value="21, 11, 23" />
      <property name="6" value="21, 20, 24" />
      <property name="7" value="24, 16, 24" />
      <property name="8" value="27, 16, 24" />
      <property name="9" value="31, 16, 24" />
      <property name="10" value="28, 6, 25" />
      <property name="11" value="31, 23, 25" />
      <property name="12" value="26, 2, 27" />
      <property name="13" value="24, 12, 28" />
      <property name="14" value="27, 12, 28" />
      <property name="15" value="27, 16, 28" />
      <property name="16" value="27, 23, 28" />
      <property name="17" value="30, 12, 28" />
      <property name="18" value="31, 16, 28" />
      <property name="19" value="31, 23, 28" />
      <property name="20" value="31, 14, 29" />
      <property name="21" value="24, 12, 31" />
      <property name="22" value="29, 12, 31" />
      <property name="23" value="26, 20, 23" />
    </property>
    <property class="FetchContainer">
      <property name="0" value="26, 1, 28" />
    </property>
    <property class="TraderOnOff">
      <property name="0" value="22, 10, 21" />
      <property name="1" value="31, 19, 21" />
      <property name="2" value="31, 18, 23" />
      <property name="3" value="23, 18, 25" />
      <property name="4" value="26, 18, 26" />
      <property name="5" value="24, 15, 28" />
      <property name="6" value="25, 15, 28" />
      <property name="7" value="26, 9, 30" />
    </property>
    <property class="challenge_sinks">
      <property name="0" value="27, 1, 25" />
      <property name="1" value="31, 1, 25" />
      <property name="2" value="29, 1, 28" />
      <property name="3" value="30, 1, 28" />
    </property>
    <property class="quest_wood">
      <property name="0" value="34, 9, 21" />
      <property name="1" value="35, 9, 21" />
      <property name="2" value="34, 9, 22" />
      <property name="3" value="34, 10, 22" />
      <property name="4" value="34, 9, 23" />
      <property name="5" value="34, 10, 23" />
      <property name="6" value="34, 9, 24" />
      <property name="7" value="34, 10, 24" />
      <property name="8" value="34, 9, 25" />
      <property name="9" value="34, 10, 25" />
      <property name="10" value="34, 9, 26" />
      <property name="11" value="34, 10, 26" />
      <property name="12" value="34, 9, 27" />
      <property name="13" value="34, 10, 27" />
      <property name="14" value="34, 9, 28" />
      <property name="15" value="34, 10, 28" />
      <property name="16" value="34, 9, 29" />
      <property name="17" value="34, 10, 29" />
      <property name="18" value="34, 9, 30" />
      <property name="19" value="34, 10, 30" />
      <property name="20" value="33, 9, 31" />
      <property name="21" value="33, 10, 31" />
      <property name="22" value="34, 9, 31" />
      <property name="23" value="34, 10, 31" />
    </property>
    <property class="challenge_mech_parts">
      <property name="0" value="28, 1, 27" />
      <property name="1" value="31, 1, 27" />
    </property>
    <property class="challenge_cars">
      <property name="0" value="21, 9, 11" />
    </property>
    <property class="Rally">
      <property name="0" value="31, 9, 13" />
    </property>
    <property class="challenge_gore">
      <property name="0" value="31, 1, 23" />
      <property name="1" value="29, 1, 24" />
    </property>
  </property>
</prefab>