﻿<?xml version="1.0" encoding="UTF-8"?>
<prefab>
  <property name="CopyAirBlocks" value="True" />
  <property name="ExcludeDistantPOIMesh" value="False" />
  <property name="ExcludePOICulling" value="False" />
  <property name="DistantPOIYOffset" value="0" />
  <property name="AllowTopSoilDecorations" value="False" />
  <property name="DifficultyTier" value="1" />
  <property name="QuestTags" value="clear, fetch, infested" />
  <property name="ShowQuestClearCount" value="1" />
  <property name="TraderArea" value="False" />
  <property name="PrefabSize" value="42, 14, 42" />
  <property name="RotationToFaceNorth" value="0" />
  <property name="Zoning" value="none" />
  <property name="Tags" value="countrytown, gateway, nodiagonal" />
  <property name="SleeperVolumeSize" value="7, 3, 10#6, 3, 12#6, 2, 11#11, 3, 5#9, 3, 6#7, 3, 4#9, 3, 7#6, 5, 5#2, 1, 1#3, 2, 4#13, 2, 17#3, 2, 3" />
  <property name="SleeperVolumeStart" value="17, 1, 23#24, 1, 20#11, 1, 21#11, 1, 15#20, 5, 16#11, 5, 21#11, 5, 26#25, 5, 28#19, 13, 30#12, 11, 24#18, 11, 15#12, 11, 30" />
  <property name="SleeperVolumeGroupId" value="0,0,0,0,0,0,0,0,100,100,0,100" />
  <property name="SleeperVolumeGroup" value="ZomFatCops,1,1,ZomBusinessman,1,1,zombieMutated,1,1,zombieSkateboarder,1,1,zombieTomClark,1,1,zombieFemaleFat,1,1,zombieFatHawaiian,1,1,GroupGenericZombie,1,1,animalZombieVulture,1,1,animalZombieVulture,0,0,GroupGenericZombie,2,3,animalZombieVulture,1,1" />
  <property name="SleeperIsLootVolume" value="False,False,False,False,False,False,False,False,False,False,False,False" />
  <property name="SleeperIsQuestExclude" value="False,False,False,False,False,False,False,False,False,False,False,False" />
  <property name="SleeperVolumeFlags" value="2,2,0,2,2,2,2,2,2,2,2,2" />
  <property name="SleeperVolumeTriggeredBy" value=" # # # # # # # # # # # " />
  <property name="YOffset" value="-1" />
  <property name="POIMarkerSize" value="41, 13, 2" />
  <property name="POIMarkerStart" value="0, 0, 40" />
  <property name="POIMarkerGroup" value="countrytow" />
  <property name="POIMarkerTags" value="driveway" />
  <property name="POIMarkerType" value="PartSpawn" />
  <property name="POIMarkerPartToSpawn" value="part_driveway_countrytown_21" />
  <property name="POIMarkerPartRotations" value="0" />
  <property name="POIMarkerPartSpawnChance" value="1" />
  <property class="IndexedBlockOffsets">
    <property class="challenge_polymers">
      <property name="0" value="27, 1, 22" />
      <property name="1" value="21, 5, 24" />
      <property name="2" value="28, 6, 27" />
      <property name="3" value="25, 5, 31" />
    </property>
    <property class="challenge_sinks">
      <property name="0" value="21, 12, 21" />
      <property name="1" value="21, 11, 22" />
      <property name="2" value="21, 11, 25" />
      <property name="3" value="21, 12, 26" />
      <property name="4" value="30, 5, 29" />
      <property name="5" value="30, 6, 29" />
    </property>
    <property class="POILight">
      <property name="0" value="21, 9, 22" />
      <property name="1" value="26, 9, 22" />
      <property name="2" value="26, 7, 27" />
      <property name="3" value="28, 7, 27" />
      <property name="4" value="30, 7, 27" />
      <property name="5" value="25, 7, 28" />
      <property name="6" value="28, 3, 28" />
      <property name="7" value="21, 9, 29" />
      <property name="8" value="25, 7, 31" />
    </property>
    <property class="TraderOnOff">
      <property name="0" value="17, 5, 23" />
      <property name="1" value="13, 5, 27" />
      <property name="2" value="20, 1, 33" />
      <property name="3" value="20, 3, 34" />
    </property>
    <property class="quest_wood">
      <property name="0" value="22, 1, 34" />
      <property name="1" value="23, 1, 34" />
      <property name="2" value="24, 1, 34" />
      <property name="3" value="25, 1, 34" />
      <property name="4" value="26, 1, 34" />
      <property name="5" value="27, 1, 34" />
      <property name="6" value="28, 1, 34" />
      <property name="7" value="29, 1, 34" />
      <property name="8" value="30, 1, 34" />
    </property>
    <property class="Rally">
      <property name="0" value="20, 1, 35" />
    </property>
    <property class="challenge_cars">
      <property name="0" value="25, 1, 11" />
    </property>
    <property class="FetchContainer">
      <property name="0" value="29, 9, 28" />
    </property>
    <property class="challenge_mech_parts">
      <property name="0" value="22, 1, 29" />
    </property>
    <property class="challenge_steel">
      <property name="0" value="27, 5, 32" />
      <property name="1" value="28, 5, 32" />
    </property>
  </property>
  <property class="Stats">
    <property name="LightsVolume" value="10245.25" />
    <property name="TotalVertices" value="918510" />
    <property name="TotalTriangles" value="353951" />
    <property class="BlockEntities">
      <property name="Vertices" value="855119" />
      <property name="Triangles" value="311824" />
    </property>
    <property class="ChunkMeshes0">
      <property name="Vertices" value="55729" />
      <property name="Triangles" value="34203" />
    </property>
    <property class="ChunkMeshes1">
      <property name="Vertices" value="0" />
      <property name="Triangles" value="0" />
    </property>
    <property class="ChunkMeshes2">
      <property name="Vertices" value="3776" />
      <property name="Triangles" value="1888" />
    </property>
    <property class="ChunkMeshes3">
      <property name="Vertices" value="0" />
      <property name="Triangles" value="0" />
    </property>
    <property class="ChunkMeshes4">
      <property name="Vertices" value="0" />
      <property name="Triangles" value="0" />
    </property>
    <property class="ChunkMeshes5">
      <property name="Vertices" value="3886" />
      <property name="Triangles" value="6036" />
    </property>
  </property>
</prefab>